Marca,Modelo,Año,Color,Precio_EUR,Potencia_HP,Aceleracion_0_100_s,Pais_fabricacion,VIN
Lamborghini,Aventador S,2018,Rojo burdeos,364400.0,752,2.92,Italia,ZHWU215DEZ1CTEVH0
Porsche,911 Turbo S (992),2021,Azul,200200.0,674,2.66,Alemania,WP0M65R6NNG2W7R5J
Chevrolet,Corvette C8 Stingray,2022,Amarillo,99300.0,474,2.91,EE.UU.,1G1E6RHWPAPNDH4AF
Porsche,911 Turbo S (992),2024,Azul,236400.0,653,2.61,Alemania,WP0L3E2LSH4DLDYSW
Porsche,911 GT3 (992),2024,Rojo burdeos,169400.0,509,3.49,Alemania,WP0SPE8ZY5379AU4R
Chevrolet,Corvette C8 Z06,2024,Azul eléctrico,126600.0,666,2.59,EE.UU.,1G107HM7JUAW0GZBZ
Lamborghini,Aventador S,2019,Blanco,303800.0,749,2.83,Italia,ZHWA0LY17PKF3F55Y
Lamborghini,Huracán EVO,2020,Naranja,224100.0,624,3.05,Italia,ZHWXAGUDCKSPVV7FE
Lamborghini,Huracán EVO,2019,Gris mate,233000.0,629,3.04,Italia,ZHW3E42M4ZFHYD8XF
Audi,R8 V10 Performance,2019,Gris mate,190800.0,630,3.13,Alemania,WUAUNUTW363SM6FCC
BMW,M4 Competition (G82),2021,Verde lima,70300.0,516,3.96,Alemania,WBS6305FATYXDS3AR
Ferrari,488 GTB,2022,Negro,237400.0,677,3.09,Italia,ZFFUY9CJD33L33XZA
Ferrari,F8 Tributo,2024,Azul,280600.0,726,2.89,Italia,ZFFS7F25TLGDLFGS8
Aston Martin,Vantage,2018,Rojo,174700.0,529,3.33,Reino Unido,SCFW64DZG8N4FPJAV
Aston Martin,Vantage,2024,Azul eléctrico,158300.0,476,3.37,Reino Unido,SCFK68G769HJDMDGZ
Audi,R8 V10 Performance,2019,Amarillo,273000.0,618,3.1,Alemania,WUAUH20M8GAVU0749
Ferrari,F8 Tributo,2021,Blanco,272200.0,730,2.76,Italia,ZFF2NDF6NT9FABT1B
Aston Martin,DBS Superleggera,2023,Azul,237600.0,731,3.42,Reino Unido,SCFHA6R2XECWNKEE1
McLaren,720S,2022,Gris mate,320900.0,710,2.96,Reino Unido,SBMZSM17GBG26UNLU
Lamborghini,Aventador S,2021,Rojo,395500.0,751,2.78,Italia,ZHWU0CPU4ML7KZKTL
Chevrolet,Corvette C8 Z06,2024,Gris mate,151100.0,664,2.56,EE.UU.,1G1BKS0KJDULWVVDZ
Audi,R8 V10 Performance,2024,Naranja,147000.0,641,3.18,Alemania,WUA5JZM5FKEC912FX
Lamborghini,Huracán EVO,2022,Verde lima,181200.0,610,2.97,Italia,ZHWSF906UEBW3F7W8
BMW,M4 Competition (G82),2023,Verde lima,70000.0,499,3.72,Alemania,WBSZUVAXVGFHYFHV4
Aston Martin,Vantage,2019,Azul,167700.0,511,3.71,Reino Unido,SCFR9D4TTMWT3DTR1
Chevrolet,Corvette C8 Z06,2024,Gris,147200.0,666,2.42,EE.UU.,1G1TEYEHUY1RMSAW8
Ferrari,488 GTB,2021,Naranja,232200.0,687,2.91,Italia,ZFFWB3GRLDWLMRHTG
Lamborghini,Huracán EVO,2019,Blanco,240600.0,635,2.7,Italia,ZHWE421FC19F8X7DW
Bugatti,Chiron,2017,Naranja,2013500.0,1501,2.33,Francia,VF9K61KRSC4F6K72N
Nissan,GT-R Nismo,2024,Blanco,180800.0,584,2.78,Japón,JN10TY6UPW9UBHXWU
Bugatti,Chiron,2023,Azul,2778000.0,1495,2.48,Francia,VF9WRM1YLBYDNGMHH
Ferrari,488 GTB,2018,Gris,237600.0,665,2.92,Italia,ZFFYFXYV15JESFKPX
Chevrolet,Corvette C8 Stingray,2022,Negro,79800.0,473,3.09,EE.UU.,1G1GE7CL7BCDXHJ6C
Aston Martin,Vantage,2018,Azul eléctrico,174900.0,530,3.61,Reino Unido,SCF8H23J8Y60JXXVM
Porsche,911 Turbo S (992),2020,Gris,241000.0,661,2.68,Alemania,WP0Y4399K5F7TERVV
Aston Martin,Vantage,2020,Rojo burdeos,112000.0,504,3.83,Reino Unido,SCF36DDG5AFB4A0TV
Audi,R8 V10 Performance,2022,Amarillo,196900.0,617,3.18,Alemania,WUAEGCU7E9H943AKJ
BMW,M4 Competition (G82),2024,Negro,116100.0,487,4.03,Alemania,WBSZYV52ULG15E1H2
Porsche,911 Turbo S (992),2024,Gris,248900.0,629,2.73,Alemania,WP0Y5XNTML6AMTYJS
Ferrari,F8 Tributo,2021,Amarillo,269500.0,715,2.8,Italia,ZFFSZ0WT3CPYV3DH8
Aston Martin,Vantage,2022,Azul,206700.0,489,3.67,Reino Unido,SCFAK0T5E7W79YJZH
Nissan,GT-R Nismo,2017,Verde lima,133000.0,628,2.97,Japón,JN19RCZ84HTMZH0JK
Audi,R8 V10 Performance,2023,Gris,181800.0,631,3.0,Alemania,WUAWLCFRET2LXRR9Y
Ferrari,F8 Tributo,2021,Amarillo,332100.0,721,3.12,Italia,ZFFV6W09T94XGMS5M
Chevrolet,Corvette C8 Z06,2023,Rojo burdeos,158500.0,690,2.65,EE.UU.,1G14FJE5U66VAK12L
Ferrari,F8 Tributo,2020,Azul,296400.0,709,2.87,Italia,ZFFTBAB5RFY9EWGWG
Ferrari,488 GTB,2016,Verde lima,229400.0,684,2.92,Italia,ZFFNKUGWKCRX6FRNJ
Aston Martin,Vantage,2021,Negro,166200.0,528,3.82,Reino Unido,SCF03YJENECG862KV
Ferrari,F8 Tributo,2024,Gris,287500.0,699,2.81,Italia,ZFFBC8PZHAGXJM7W4
Porsche,911 GT3 (992),2024,Azul eléctrico,169600.0,517,3.4,Alemania,WP0P5S0G7WPGRP6EX
Ferrari,488 GTB,2016,Gris mate,216700.0,644,2.8,Italia,ZFFWKT7822KY76F8R
BMW,M4 Competition (G82),2024,Rojo burdeos,126500.0,528,3.7,Alemania,WBS9T6YTH2PDVVFP6
Chevrolet,Corvette C8 Stingray,2021,Amarillo,81400.0,455,2.91,EE.UU.,1G1W5D13MF8D4DDEM
Porsche,911 GT3 (992),2023,Naranja,152800.0,522,3.44,Alemania,WP08GB7180NFL1BG3
Porsche,911 GT3 (992),2023,Azul eléctrico,189100.0,509,3.25,Alemania,WP06VZE2KW13XSU6Y
BMW,M4 Competition (G82),2022,Amarillo,102700.0,493,3.94,Alemania,WBS8HLRJWZU67DUVE
Nissan,GT-R Nismo,2020,Blanco,179000.0,591,2.91,Japón,JN1GP9X4555U6P83M
Lamborghini,Aventador S,2023,Rojo,406800.0,743,2.69,Italia,ZHWJKN6ZD9XE6NP7H
McLaren,570S,2024,Gris mate,242000.0,580,2.98,Reino Unido,SBM1H1BHKMN0B9S49
Ferrari,488 GTB,2021,Gris,264100.0,666,3.12,Italia,ZFFWMAPKL539A35HV
Nissan,GT-R Nismo,2015,Blanco,183100.0,584,2.81,Japón,JN1U7JYK2ES30DKD8
Bugatti,Chiron,2023,Gris,2683800.0,1525,2.39,Francia,VF9B8REZN4S2U1W4L
Nissan,GT-R Nismo,2014,Blanco,177700.0,579,2.72,Japón,JN1AWP5U6FUS5SKME
Aston Martin,DBS Superleggera,2023,Amarillo,263500.0,729,3.41,Reino Unido,SCFZCNN9F69GCB94B
Audi,R8 V10 Performance,2023,Gris mate,168200.0,601,3.13,Alemania,WUALL9V4XVKH3NZ4K
BMW,M4 Competition (G82),2023,Amarillo,101500.0,499,3.86,Alemania,WBS5ZRW2VCLXZ93V6
Aston Martin,DBS Superleggera,2023,Verde lima,272800.0,731,3.39,Reino Unido,SCFVAPPJRTM3M4M6R
Aston Martin,Vantage,2022,Naranja,206900.0,507,3.6,Reino Unido,SCFM59NKS85KRM85U
Chevrolet,Corvette C8 Stingray,2023,Azul,101800.0,508,3.01,EE.UU.,1G1E894J6Z2M8R9AB
Porsche,911 Turbo S (992),2022,Gris mate,219900.0,646,2.69,Alemania,WP0FVJVEFKXCPVWJR
Nissan,GT-R Nismo,2018,Rojo,194900.0,627,2.75,Japón,JN1XP67J5AHVZ9U5E
BMW,M4 Competition (G82),2024,Rojo,77000.0,502,4.11,Alemania,WBSSZPFR5PE1L6M98
Ferrari,F8 Tributo,2024,Verde lima,252900.0,714,3.12,Italia,ZFFV051GD9U7JFK73
McLaren,570S,2022,Amarillo,214500.0,562,3.01,Reino Unido,SBM7Y1ZF9JU0NFTB5
Chevrolet,Corvette C8 Stingray,2024,Rojo,63000.0,512,3.06,EE.UU.,1G1RX2RPG1N4NF6M8
Ferrari,F8 Tributo,2024,Naranja,288400.0,718,2.83,Italia,ZFFWXB84W2JC2C2LK
Chevrolet,Corvette C8 Z06,2023,Negro,139300.0,689,2.69,EE.UU.,1G1N3MH7PUSVRMBYY
Chevrolet,Corvette C8 Stingray,2020,Gris,82500.0,520,3.13,EE.UU.,1G15UBJL65LJKVUAV
Chevrolet,Corvette C8 Stingray,2023,Negro,105800.0,472,3.06,EE.UU.,1G134SPZA19V284FP
Chevrolet,Corvette C8 Stingray,2024,Naranja,101700.0,484,2.88,EE.UU.,1G1VPPV48PSLHF71B
Audi,R8 V10 Performance,2024,Verde lima,250200.0,587,3.07,Alemania,WUADJYC784VBV5LN4
Aston Martin,Vantage,2023,Gris mate,130400.0,527,3.78,Reino Unido,SCFBPZE7C8FY1PPW8
Lamborghini,Huracán EVO,2022,Gris,221900.0,654,2.95,Italia,ZHW48L4VWN8B8UZ37
Porsche,911 GT3 (992),2022,Blanco,206000.0,493,3.38,Alemania,WP0J5GCH8K5ZA9AM2
Ferrari,488 GTB,2018,Rojo burdeos,243700.0,702,3.14,Italia,ZFFT1YJKXFSKW43AV
Nissan,GT-R Nismo,2023,Naranja,191900.0,588,2.72,Japón,JN1LLNS8PZ6LFW7HV
McLaren,570S,2021,Azul,243600.0,573,3.23,Reino Unido,SBMALLCAYZWYKY15S
BMW,M4 Competition (G82),2023,Rojo,97800.0,500,3.98,Alemania,WBS3JYXJ06U8GPSP2
Chevrolet,Corvette C8 Z06,2024,Azul eléctrico,128700.0,688,2.75,EE.UU.,1G1VH786SPMP9CZSZ
Ferrari,F8 Tributo,2021,Verde lima,265900.0,729,2.96,Italia,ZFFW9Z8LLASKMZZYK
Audi,R8 V10 Performance,2023,Negro,169400.0,626,2.99,Alemania,WUA1XGE3XAR9F27C1
BMW,M4 Competition (G82),2022,Gris,107900.0,473,3.87,Alemania,WBSZX38DLXRLBWMNG
Audi,R8 V10 Performance,2021,Negro,189000.0,624,3.18,Alemania,WUADYLXNHJ7RSN9J2
Aston Martin,Vantage,2021,Gris mate,157300.0,506,3.65,Reino Unido,SCFGXDCHH86FF3EE3
Lamborghini,Aventador S,2017,Azul eléctrico,422700.0,720,3.0,Italia,ZHWATXXCJLJ35E2BT
Porsche,911 Turbo S (992),2023,Verde lima,226200.0,665,2.73,Alemania,WP0BJ20K6MJWY8ZWH
McLaren,720S,2019,Rojo,253300.0,725,2.8,Reino Unido,SBMMJCBSUZL5S6B8X
Aston Martin,DBS Superleggera,2021,Azul,278100.0,703,3.41,Reino Unido,SCFVHMK0GPF37WKAS
Aston Martin,Vantage,2019,Azul,181400.0,502,3.44,Reino Unido,SCF8X9WPTXDF5VP47
Ferrari,F8 Tributo,2020,Rojo burdeos,185900.0,715,3.02,Italia,ZFF9ALV7DY5ZV3W8Z
Nissan,GT-R Nismo,2014,Gris,139700.0,595,2.81,Japón,JN1G0D42UN434X2JT
Porsche,911 Turbo S (992),2023,Blanco,171600.0,656,2.72,Alemania,WP0RVRR58N7BS8E01
Aston Martin,Vantage,2019,Azul,139200.0,487,3.64,Reino Unido,SCFWN9HC72T1FD462
BMW,M4 Competition (G82),2021,Azul,86500.0,517,3.75,Alemania,WBS2SVED38ZJELLFK
Porsche,911 GT3 (992),2022,Gris mate,170400.0,528,3.39,Alemania,WP0UY3NRLTT9KRBXF
McLaren,570S,2022,Rojo,232400.0,576,3.14,Reino Unido,SBMTT8RFGDM5VP5C3
Bugatti,Chiron,2024,Azul,2641300.0,1485,2.51,Francia,VF9XDMK0DC7XFDSFL
Aston Martin,Vantage,2020,Negro,180200.0,511,3.49,Reino Unido,SCFGPZYW6XLDPLT2E
Porsche,911 GT3 (992),2023,Naranja,150700.0,529,3.42,Alemania,WP0CMERFYMGYYWANA
Porsche,911 GT3 (992),2021,Azul eléctrico,157600.0,498,3.37,Alemania,WP02430T8E490DZWP
Ferrari,F8 Tributo,2022,Rojo,226700.0,704,2.78,Italia,ZFF0T01HJ1ZUB669F
McLaren,720S,2022,Negro,239700.0,708,2.83,Reino Unido,SBMS5PSWFEK525SRR
Audi,R8 V10 Performance,2022,Gris mate,227600.0,622,3.11,Alemania,WUAM62EDXH24H2BL1
McLaren,720S,2023,Amarillo,226100.0,736,2.73,Reino Unido,SBMKAFRMR85ZN36UE
Lamborghini,Huracán EVO,2021,Rojo,263300.0,626,3.07,Italia,ZHWHVYENRUBR5JF45
Bugatti,Chiron,2018,Gris,2987500.0,1496,2.51,Francia,VF9LP650KVPH685BU
BMW,M4 Competition (G82),2021,Rojo burdeos,105200.0,493,3.85,Alemania,WBSLR0JTR5FARA8HK
Bugatti,Chiron,2022,Negro,2505900.0,1504,2.36,Francia,VF9TKX4PGFYCW68K0
Chevrolet,Corvette C8 Z06,2024,Gris,146300.0,660,2.85,EE.UU.,1G18KLCXLBSLJYFLR
Bugatti,Chiron,2017,Rojo burdeos,2157600.0,1487,2.45,Francia,VF9CB1WDVJ4TY8KFG
Porsche,911 GT3 (992),2024,Rojo burdeos,247000.0,504,3.19,Alemania,WP0SZT2P56FNA2SMU
Lamborghini,Aventador S,2020,Verde lima,352700.0,761,2.99,Italia,ZHWPSWZ9N1X6JT579
Chevrolet,Corvette C8 Stingray,2023,Amarillo,94200.0,489,3.12,EE.UU.,1G1VVL4K271M6AFBA
Aston Martin,DBS Superleggera,2019,Gris,241100.0,742,3.12,Reino Unido,SCFBBUS1CVUR0DDH4
Lamborghini,Aventador S,2018,Negro,326900.0,746,2.76,Italia,ZHWYLRS7NNWBK58L7
McLaren,570S,2017,Azul eléctrico,207000.0,577,3.17,Reino Unido,SBMRT8RUBYBAYJ8BL
BMW,M4 Competition (G82),2022,Gris,116500.0,488,3.74,Alemania,WBSZYTYTVYA51EJ2H
McLaren,570S,2022,Rojo burdeos,186000.0,565,3.13,Reino Unido,SBMYZ77HP2VDU6FK2
BMW,M4 Competition (G82),2021,Azul,125700.0,508,4.14,Alemania,WBSDNUA8DD3NHALJJ
Bugatti,Chiron,2017,Naranja,2367200.0,1516,2.54,Francia,VF9T3H88F9LFSY9HT
Chevrolet,Corvette C8 Z06,2024,Blanco,146800.0,650,2.75,EE.UU.,1G1WYL05WN4SDUDYH
Aston Martin,DBS Superleggera,2022,Naranja,246400.0,720,3.45,Reino Unido,SCFYM326W17AVW0UC
Porsche,911 GT3 (992),2021,Gris mate,231100.0,519,3.33,Alemania,WP0PG5PA3SKEU560D
Audi,R8 V10 Performance,2023,Gris mate,229900.0,598,3.24,Alemania,WUAV00M7U8X4ER566
Aston Martin,DBS Superleggera,2024,Naranja,223000.0,716,3.47,Reino Unido,SCF940AVND9TVD568
Lamborghini,Aventador S,2023,Blanco,322400.0,758,2.8,Italia,ZHW8FH5FJ1KDZCSJ3
McLaren,570S,2023,Rojo,151700.0,563,3.2,Reino Unido,SBMPL8RTPBX4140GD
Ferrari,F8 Tributo,2022,Azul eléctrico,215600.0,720,3.16,Italia,ZFFJZTUS59H5K5ZD9
Aston Martin,DBS Superleggera,2018,Negro,312200.0,709,3.51,Reino Unido,SCFUF3F5U7W3KB708
Ferrari,488 GTB,2023,Azul eléctrico,312000.0,650,3.15,Italia,ZFFGAP8H71MUH4G4Y
BMW,M4 Competition (G82),2022,Negro,105700.0,505,3.9,Alemania,WBS67EZ020F2XPR9B
Ferrari,F8 Tributo,2024,Gris mate,231800.0,713,2.65,Italia,ZFFTELFTLH4P7Z3BE
Ferrari,F8 Tributo,2021,Blanco,229000.0,725,2.89,Italia,ZFF5W0PCJKFWPYCF9
Ferrari,488 GTB,2023,Blanco,236700.0,673,3.02,Italia,ZFF0M0RK6DFTY39H5
Ferrari,F8 Tributo,2021,Verde lima,199900.0,748,2.78,Italia,ZFF56Z8S43U8FJGLS
Aston Martin,DBS Superleggera,2018,Azul,310400.0,722,3.36,Reino Unido,SCF8696AVWLT7NDVK
BMW,M4 Competition (G82),2021,Azul,112500.0,509,3.96,Alemania,WBSL95FNSZ3KGB1SV
McLaren,570S,2017,Amarillo,197400.0,589,3.25,Reino Unido,SBM03E8CSP5G414CV
Porsche,911 GT3 (992),2024,Rojo,195300.0,534,3.53,Alemania,WP0AUSY1RUBNDBHHV
Porsche,911 GT3 (992),2022,Gris mate,198600.0,503,3.56,Alemania,WP0JYTX35HR8TCF1R
Chevrolet,Corvette C8 Stingray,2022,Gris,80300.0,469,3.03,EE.UU.,1G1HB1LE1H3XNEA6F
McLaren,570S,2015,Azul,242200.0,586,3.18,Reino Unido,SBMRNBBFLN1N9CYKB
Audi,R8 V10 Performance,2022,Rojo,204900.0,625,3.11,Alemania,WUAMC8MBL31997P4P
Chevrolet,Corvette C8 Z06,2024,Naranja,130200.0,668,2.61,EE.UU.,1G1AUYLBNEBRKJ8B0
Chevrolet,Corvette C8 Z06,2024,Rojo burdeos,127900.0,685,2.53,EE.UU.,1G1E6Y9M4FNLA5MV0
Bugatti,Chiron,2021,Negro,3058100.0,1496,2.45,Francia,VF9603RVTATYRNR6X
McLaren,570S,2020,Negro,203500.0,573,3.24,Reino Unido,SBM64MARA45MX1UAU
Porsche,911 Turbo S (992),2021,Gris,240200.0,640,2.8,Alemania,WP0GJKF63SY93P0U5
Aston Martin,Vantage,2019,Naranja,149200.0,519,3.45,Reino Unido,SCFJ5X7KSXYG5RBPR
Chevrolet,Corvette C8 Stingray,2023,Verde lima,93800.0,496,3.01,EE.UU.,1G1GEH3965NTE3RTX
McLaren,570S,2023,Rojo burdeos,227000.0,564,3.21,Reino Unido,SBM97VBADC82U5UC9
Bugatti,Chiron,2017,Amarillo,3047200.0,1486,2.32,Francia,VF9RSLHW0T7T99666
Aston Martin,Vantage,2023,Verde lima,173500.0,531,3.42,Reino Unido,SCFX2BHS9S2SMF3XH
Chevrolet,Corvette C8 Stingray,2022,Negro,93200.0,487,3.22,EE.UU.,1G1HY6E8KVLHT5CVD
Nissan,GT-R Nismo,2022,Naranja,225500.0,599,2.6,Japón,JN14KZS81BCC3F2W3
Chevrolet,Corvette C8 Stingray,2023,Azul eléctrico,79600.0,474,2.97,EE.UU.,1G1S71FPYVBXNNAG5
Aston Martin,Vantage,2019,Azul,185300.0,515,3.61,Reino Unido,SCFEDHTZ10X8B0EGK
Bugatti,Chiron,2021,Verde lima,2667900.0,1479,2.3,Francia,VF9GDWKS60ZPJK6X4
Aston Martin,DBS Superleggera,2023,Gris mate,301100.0,746,3.39,Reino Unido,SCFKC9F3SL81YJGTS
Chevrolet,Corvette C8 Z06,2023,Blanco,112300.0,661,2.69,EE.UU.,1G1EXNZKABJ6X8GBM
Lamborghini,Huracán EVO,2021,Blanco,254900.0,642,2.98,Italia,ZHWGJW7X34XCZ7RKT
Ferrari,F8 Tributo,2020,Blanco,243800.0,709,2.95,Italia,ZFFTW9LB5YMBL30VH
McLaren,720S,2018,Naranja,264100.0,721,2.83,Reino Unido,SBMUUSUXR02CP0LC1
Ferrari,488 GTB,2020,Negro,220500.0,653,2.94,Italia,ZFF86RZKA42KJWMU8
Aston Martin,DBS Superleggera,2024,Gris,280000.0,742,3.4,Reino Unido,SCF1EE8D1ZA7P2RG3
Ferrari,F8 Tributo,2019,Rojo,211700.0,711,2.81,Italia,ZFF7TVR7GX9D0KT6H
Porsche,911 GT3 (992),2023,Amarillo,150600.0,482,3.53,Alemania,WP06YCCGCNTJA2YDX
Aston Martin,DBS Superleggera,2018,Amarillo,286700.0,723,3.4,Reino Unido,SCFY95Z46GEWJGW36
Porsche,911 Turbo S (992),2023,Amarillo,196900.0,671,2.53,Alemania,WP06208AMNVH5PMB7
Chevrolet,Corvette C8 Z06,2024,Verde lima,153600.0,687,2.59,EE.UU.,1G1TA783A6TXVBRN1
Porsche,911 GT3 (992),2021,Negro,213400.0,493,3.41,Alemania,WP0L0EM6UFXNR930A
Audi,R8 V10 Performance,2019,Verde lima,159000.0,610,3.24,Alemania,WUALFMH3ZERSF5WVV
Lamborghini,Huracán EVO,2024,Rojo,259700.0,650,2.8,Italia,ZHW6ST205KZDWMP3E
BMW,M4 Competition (G82),2024,Gris mate,122300.0,522,3.8,Alemania,WBSPV76E0MNJP62AY
Porsche,911 GT3 (992),2022,Azul,171600.0,521,3.22,Alemania,WP07SDWCM6T27VWZ8
Audi,R8 V10 Performance,2023,Gris,211400.0,626,3.3,Alemania,WUAXZBB86RLZRTFHS
Aston Martin,DBS Superleggera,2023,Azul eléctrico,309000.0,741,3.38,Reino Unido,SCFKLDCDJN8BZL7NX
Nissan,GT-R Nismo,2022,Negro,136300.0,612,2.68,Japón,JN1U061R933CHAJG9
Ferrari,F8 Tributo,2022,Amarillo,260200.0,715,2.81,Italia,ZFFERFZJ3RRTL30GC
BMW,M4 Competition (G82),2023,Rojo burdeos,71100.0,506,4.03,Alemania,WBSCCJVB4BBZ7R2UH
Bugatti,Chiron,2018,Rojo,2489400.0,1514,2.52,Francia,VF99L3KYN4LEB4ZAT
Chevrolet,Corvette C8 Z06,2023,Gris mate,148100.0,683,2.77,EE.UU.,1G1MMPJDX07NVFF2L
Chevrolet,Corvette C8 Z06,2024,Rojo,120300.0,701,2.55,EE.UU.,1G1PZZVY2JCLZ56A0
Lamborghini,Huracán EVO,2020,Gris mate,277100.0,652,2.94,Italia,ZHWU6DU491WM2543B
Bugatti,Chiron,2022,Verde lima,2540600.0,1482,2.34,Francia,VF9SUL1R70424NZ6J
Aston Martin,Vantage,2021,Gris,147900.0,521,3.52,Reino Unido,SCFS1XAE8SJ9KP097
Ferrari,F8 Tributo,2021,Azul,182000.0,740,2.91,Italia,ZFFNDTZ9ABEGC7B3W
Lamborghini,Huracán EVO,2019,Azul,242500.0,632,2.89,Italia,ZHWYMN8F6J4CLYVMK
Porsche,911 GT3 (992),2021,Blanco,177800.0,497,3.35,Alemania,WP0FEUHP8MXWVNKY6
Porsche,911 Turbo S (992),2022,Naranja,218700.0,665,2.67,Alemania,WP0CG441Z1SD2GX9P
Chevrolet,Corvette C8 Z06,2024,Azul eléctrico,138200.0,674,2.9,EE.UU.,1G1Z5SPZ0FAZ8VAB9
Audi,R8 V10 Performance,2022,Azul,206600.0,608,3.13,Alemania,WUA4GPE2DPRXW22L6
Bugatti,Chiron,2022,Blanco,2277200.0,1506,2.32,Francia,VF94GRESNNYX0Z8VA
McLaren,570S,2018,Naranja,209100.0,567,3.35,Reino Unido,SBMBAP7ETM7XXXDAT
Ferrari,488 GTB,2023,Rojo,223800.0,670,3.06,Italia,ZFF93AGBS1J5DVXXA
McLaren,570S,2024,Naranja,156200.0,566,3.28,Reino Unido,SBMZGAMW4ERR861CZ
Nissan,GT-R Nismo,2023,Rojo,217000.0,609,2.65,Japón,JN1Z75X80UTP2UEXR
Chevrolet,Corvette C8 Stingray,2024,Amarillo,78200.0,524,2.83,EE.UU.,1G1U8GXE5JTGC0070
Chevrolet,Corvette C8 Z06,2023,Gris,132000.0,657,2.55,EE.UU.,1G1GGUPHSDTXBPXGK
Chevrolet,Corvette C8 Stingray,2021,Gris mate,76600.0,508,3.02,EE.UU.,1G17EVA6DZSM3AR05
Porsche,911 GT3 (992),2023,Amarillo,208900.0,490,3.43,Alemania,WP02RSJ3BYV0CJC2Z
McLaren,570S,2020,Azul,161700.0,576,3.07,Reino Unido,SBM0A5HSNSSC045JN
Chevrolet,Corvette C8 Stingray,2023,Rojo burdeos,83000.0,507,2.98,EE.UU.,1G10GBTZ64ZJM7ZGG
BMW,M4 Competition (G82),2022,Blanco,95900.0,504,4.05,Alemania,WBSWW1X7G4REELTN0
Bugatti,Chiron,2017,Azul eléctrico,2179100.0,1500,2.45,Francia,VF9BXLNDHBCYCFFGD
McLaren,570S,2024,Blanco,210700.0,545,3.23,Reino Unido,SBM9675Y02XPLYHYB
Bugatti,Chiron,2022,Verde lima,2817200.0,1480,2.52,Francia,VF92ZNSBW7WL00DR6
Aston Martin,DBS Superleggera,2019,Azul eléctrico,343800.0,738,3.25,Reino Unido,SCFGFHXMPBYUDTPPS
Bugatti,Chiron,2017,Negro,3066000.0,1481,2.45,Francia,VF9FURC99X0BTY8LY
Aston Martin,Vantage,2018,Gris,207500.0,507,3.6,Reino Unido,SCF6A3DGX6VMGPPGN
Ferrari,488 GTB,2024,Rojo burdeos,219000.0,658,3.06,Italia,ZFFBJNLZYV5RJW9AM
Nissan,GT-R Nismo,2015,Amarillo,162700.0,582,2.69,Japón,JN1AMELLJHSHVPVTA
Porsche,911 Turbo S (992),2020,Azul,232500.0,655,2.65,Alemania,WP0AS664X31S56G95
Chevrolet,Corvette C8 Z06,2024,Verde lima,154700.0,681,2.67,EE.UU.,1G188A12NLXWHV8BW
Nissan,GT-R Nismo,2022,Azul,180400.0,579,2.77,Japón,JN15VKPTG9K008NJX
Ferrari,488 GTB,2022,Negro,201300.0,683,2.95,Italia,ZFF0UJE0PCTUSFARR
McLaren,570S,2024,Gris mate,193200.0,569,3.33,Reino Unido,SBMHJHTC4B8J7WVHY
McLaren,720S,2017,Naranja,280200.0,745,2.87,Reino Unido,SBM6JH8V0E590YDMT
Aston Martin,Vantage,2018,Blanco,134400.0,514,3.46,Reino Unido,SCF593HS4XBCGR07F
Chevrolet,Corvette C8 Z06,2023,Azul,117500.0,687,2.72,EE.UU.,1G1W6DXRKLA27GXKC
Chevrolet,Corvette C8 Stingray,2023,Blanco,91300.0,518,2.84,EE.UU.,1G10AH7SF02X9P5FA
Audi,R8 V10 Performance,2024,Rojo,233800.0,627,3.24,Alemania,WUA3N968YELNVC1RN
Porsche,911 GT3 (992),2024,Azul,180200.0,510,3.43,Alemania,WP0BNLWHA49VJGPW0
Chevrolet,Corvette C8 Z06,2024,Rojo burdeos,98000.0,652,2.67,EE.UU.,1G1FL4RCY9JLTL764
Ferrari,F8 Tributo,2022,Azul,278400.0,724,2.85,Italia,ZFF62RYG3PE40DY5W
Ferrari,F8 Tributo,2022,Blanco,309300.0,713,2.77,Italia,ZFF3H24K4D66ERCCF
Porsche,911 Turbo S (992),2024,Blanco,228600.0,632,2.64,Alemania,WP0WU6ABSZMAVNLLP
Nissan,GT-R Nismo,2019,Rojo burdeos,159900.0,574,2.81,Japón,JN1FDRGPVVS02J18K
Ferrari,488 GTB,2019,Azul eléctrico,244600.0,667,3.08,Italia,ZFFZ962WN98GPFEGK
Lamborghini,Huracán EVO,2020,Amarillo,210800.0,638,2.76,Italia,ZHWLXBY6K2R53MNUT
Lamborghini,Aventador S,2017,Gris mate,309100.0,747,2.84,Italia,ZHWR3K2L9LZE93SVZ
Lamborghini,Huracán EVO,2022,Naranja,258100.0,623,2.92,Italia,ZHW8M5X3SG5SZU88X
McLaren,720S,2020,Azul,277900.0,698,2.91,Reino Unido,SBM4HUL57TUPNCLN1
Aston Martin,Vantage,2024,Verde lima,179500.0,530,3.65,Reino Unido,SCF9V2ECP9573F9J0
Aston Martin,DBS Superleggera,2019,Azul eléctrico,271400.0,722,3.35,Reino Unido,SCFDDGX91R2GA3JCH
Ferrari,F8 Tributo,2019,Gris,280500.0,721,2.62,Italia,ZFFHP61JRERZ6LY5B
McLaren,720S,2020,Azul eléctrico,267300.0,703,2.9,Reino Unido,SBMKMYSA1NNNKFZH3
Bugatti,Chiron,2016,Azul eléctrico,1955400.0,1499,2.58,Francia,VF9HE9MS85RETF9UK
Aston Martin,DBS Superleggera,2023,Azul,248100.0,717,3.42,Reino Unido,SCF8K8U9AL47BL91L
Nissan,GT-R Nismo,2024,Negro,184200.0,584,2.9,Japón,JN19C68B1HEEE1N5X
Porsche,911 GT3 (992),2024,Verde lima,183500.0,490,3.4,Alemania,WP0X8ACE2T0HTECD4
Porsche,911 Turbo S (992),2024,Verde lima,185600.0,636,3.01,Alemania,WP0LWFUS2RLS26VW2
McLaren,570S,2023,Gris mate,186600.0,555,3.19,Reino Unido,SBM3CJVSKJWAUJ39W
BMW,M4 Competition (G82),2022,Rojo burdeos,109500.0,491,4.02,Alemania,WBS8STLV1BWCW5GLA
Lamborghini,Aventador S,2023,Azul eléctrico,335200.0,760,3.0,Italia,ZHWARR2AM9A9B3TKK
BMW,M4 Competition (G82),2022,Azul,109200.0,505,3.88,Alemania,WBS0G0WYY0YFDXWTV
Lamborghini,Huracán EVO,2024,Azul eléctrico,250600.0,639,2.89,Italia,ZHWD3B93N292KM536
Nissan,GT-R Nismo,2018,Rojo burdeos,189300.0,592,2.87,Japón,JN1BWP25KLPR4U4JX
Porsche,911 GT3 (992),2022,Azul,175900.0,531,3.56,Alemania,WP0365XJULGN8YYYB
McLaren,570S,2015,Amarillo,133000.0,584,3.11,Reino Unido,SBM1W7DTT2MND0CJG
Lamborghini,Huracán EVO,2024,Blanco,228300.0,634,3.03,Italia,ZHWMS1BCMMXX28X9W
Aston Martin,DBS Superleggera,2023,Rojo,298000.0,726,3.19,Reino Unido,SCFKL1DMN49H1MRAR
Porsche,911 Turbo S (992),2022,Rojo,230500.0,625,2.56,Alemania,WP0HT5YFPVKDKB7P2
McLaren,720S,2017,Verde lima,238100.0,697,3.01,Reino Unido,SBMZ9CMXKL968D2WR
Lamborghini,Aventador S,2018,Blanco,322800.0,775,2.91,Italia,ZHWW26K1KDLCCJHLV
Lamborghini,Aventador S,2018,Rojo,380400.0,721,2.89,Italia,ZHWZ6DNLH9JFA4KMV
Ferrari,F8 Tributo,2019,Amarillo,251700.0,732,3.0,Italia,ZFFUSBVNKMC5W85W6
BMW,M4 Competition (G82),2024,Verde lima,120000.0,504,3.84,Alemania,WBSEE9GPSBMLWY14X
Lamborghini,Aventador S,2019,Azul eléctrico,392800.0,730,3.01,Italia,ZHW6S6L4KWSTFFAXR
Lamborghini,Huracán EVO,2023,Gris,283300.0,663,2.78,Italia,ZHWUMFB4Y7WL6VBKS
Lamborghini,Huracán EVO,2021,Verde lima,177500.0,621,2.79,Italia,ZHW35D8099VJRVCDL
Aston Martin,Vantage,2020,Gris,137300.0,494,3.36,Reino Unido,SCFN50ZS8J3P30N7J
Ferrari,488 GTB,2021,Gris,215200.0,672,3.19,Italia,ZFFRUDBX8CRPT9J88
Ferrari,488 GTB,2022,Gris mate,242800.0,678,3.02,Italia,ZFFU858TWUBWZUVRN
McLaren,570S,2018,Azul eléctrico,141300.0,578,3.35,Reino Unido,SBMHTP22XP7X59HW5
Lamborghini,Huracán EVO,2024,Gris mate,278700.0,626,2.91,Italia,ZHW4K3M0XWZXMTNJJ
Porsche,911 Turbo S (992),2024,Negro,229800.0,683,2.76,Alemania,WP03XA3J1JY58Z4HG
Porsche,911 GT3 (992),2023,Rojo,174800.0,486,3.33,Alemania,WP07B9VPBGFYB2M59
Porsche,911 GT3 (992),2024,Gris mate,166100.0,523,3.23,Alemania,WP0ADN3G73AWSXKXE
Chevrolet,Corvette C8 Z06,2024,Naranja,120900.0,678,2.65,EE.UU.,1G1U0JVRL26NUHMHH
Lamborghini,Aventador S,2020,Gris mate,273600.0,739,3.06,Italia,ZHWCMBL0040T66VNE
Aston Martin,Vantage,2022,Amarillo,166300.0,515,3.6,Reino Unido,SCF3D7758RB7BGJW4
BMW,M4 Competition (G82),2023,Negro,70900.0,521,3.85,Alemania,WBSA4H3RRM3GGBV4Y
McLaren,720S,2024,Amarillo,244400.0,734,2.84,Reino Unido,SBM9UD6VG6244GV1Y
Porsche,911 GT3 (992),2022,Blanco,217600.0,510,3.4,Alemania,WP0S0ZYXUS4E0RX7N
Aston Martin,DBS Superleggera,2023,Gris mate,241300.0,729,3.35,Reino Unido,SCF5PM5WJCB2RCKR6
Chevrolet,Corvette C8 Stingray,2020,Azul,81900.0,464,3.02,EE.UU.,1G11FYR4KYV12M3M2
Chevrolet,Corvette C8 Z06,2024,Gris mate,165800.0,674,2.86,EE.UU.,1G19E429Y1X2F80B3
Aston Martin,Vantage,2018,Amarillo,125100.0,513,3.55,Reino Unido,SCF7YE4CUMSL78LD2
Porsche,911 Turbo S (992),2021,Gris,245000.0,632,2.67,Alemania,WP0APAVF286RA1Y50
Ferrari,488 GTB,2021,Verde lima,196500.0,673,3.05,Italia,ZFF8D9HVTFB2BY5KN
Nissan,GT-R Nismo,2015,Azul eléctrico,190600.0,574,2.89,Japón,JN16PZEWDH3C79XYB
Porsche,911 Turbo S (992),2023,Negro,212700.0,648,2.67,Alemania,WP0MW263BA1YZ74FV
Aston Martin,DBS Superleggera,2020,Azul,313900.0,715,3.23,Reino Unido,SCF7LE6FTCRE4XY3U
Porsche,911 GT3 (992),2024,Azul,202000.0,514,3.56,Alemania,WP0NHCM823H87WWTA
Aston Martin,DBS Superleggera,2019,Gris mate,314500.0,738,3.42,Reino Unido,SCFAE5TYDXWH0UFFL
Nissan,GT-R Nismo,2023,Rojo,176400.0,572,2.68,Japón,JN1T22XZ2USX6VYF5
Ferrari,488 GTB,2018,Naranja,205500.0,665,2.96,Italia,ZFFNJF51XKAW1WW8S
Porsche,911 Turbo S (992),2020,Gris,182300.0,654,2.59,Alemania,WP0M2JUHD5M3ZP37R
Chevrolet,Corvette C8 Stingray,2022,Naranja,90800.0,500,2.97,EE.UU.,1G14D8MF7XDELNHZU
Bugatti,Chiron,2017,Verde lima,2077200.0,1514,2.44,Francia,VF9JVP4CW55SBJ46A
Bugatti,Chiron,2018,Azul,2637300.0,1505,2.45,Francia,VF91JT8XNTV1JC41E
Aston Martin,DBS Superleggera,2022,Gris mate,257300.0,713,3.46,Reino Unido,SCFVWK8KAGEXPJ39N
Aston Martin,Vantage,2019,Azul eléctrico,164000.0,499,3.53,Reino Unido,SCFJBB9AF72L8VGPB
McLaren,720S,2022,Verde lima,245400.0,716,2.89,Reino Unido,SBMAK71SY9WL90ZMJ
Audi,R8 V10 Performance,2023,Gris mate,159400.0,633,3.35,Alemania,WUA9VM7X287K1SEVN
Lamborghini,Huracán EVO,2021,Azul,244300.0,631,3.05,Italia,ZHW15V5ZSCYLZ3PS9
Nissan,GT-R Nismo,2018,Blanco,210100.0,617,2.72,Japón,JN1NKV5DVTVJAUT85
Porsche,911 GT3 (992),2021,Rojo burdeos,246400.0,514,3.53,Alemania,WP0R50THTBW8CBRJY
Ferrari,F8 Tributo,2023,Negro,230300.0,687,2.94,Italia,ZFFYWE109GKX7JTBY
McLaren,570S,2024,Blanco,133000.0,595,3.24,Reino Unido,SBMXUGX7PZ1GA39LW
Porsche,911 GT3 (992),2023,Gris,197300.0,512,3.38,Alemania,WP0N3JJ4ZCB6ALLKH
Chevrolet,Corvette C8 Stingray,2024,Negro,91000.0,511,3.09,EE.UU.,1G1PYTMA6D9ZEC7TW
Lamborghini,Huracán EVO,2019,Verde lima,242200.0,638,2.95,Italia,ZHWNKP8VMBK17E89E
Aston Martin,Vantage,2024,Amarillo,192400.0,516,3.64,Reino Unido,SCF41XU2C62Z3X7G2
Lamborghini,Huracán EVO,2019,Amarillo,234700.0,651,2.89,Italia,ZHWDCBN159HNNAZFZ
Lamborghini,Huracán EVO,2020,Negro,254000.0,656,2.99,Italia,ZHWA06DZXPBV6BNRU
McLaren,720S,2022,Amarillo,256400.0,721,2.78,Reino Unido,SBMW78YPJ25LY7RJW
Aston Martin,Vantage,2024,Gris,163700.0,499,3.39,Reino Unido,SCFC4XPB0Y6SV579S
Chevrolet,Corvette C8 Z06,2023,Amarillo,98000.0,685,2.59,EE.UU.,1G1PCMCS7EUYHHSNX
Chevrolet,Corvette C8 Z06,2023,Negro,153900.0,688,2.69,EE.UU.,1G1YYE81634Y1BRL9
Aston Martin,Vantage,2018,Gris mate,152500.0,523,3.56,Reino Unido,SCFYWCJYYZGM12U7R
BMW,M4 Competition (G82),2023,Naranja,96200.0,504,4.01,Alemania,WBSYU8KRY7YXXAZ3S
Bugatti,Chiron,2021,Negro,2533300.0,1501,2.08,Francia,VF9L3128PN1MR6UNN
Nissan,GT-R Nismo,2023,Amarillo,190600.0,587,2.94,Japón,JN14K7MA1L2WUZTH1
Audi,R8 V10 Performance,2022,Rojo burdeos,161800.0,642,2.8,Alemania,WUARL6Y6DMYZMAKPU
McLaren,720S,2020,Negro,277300.0,691,2.9,Reino Unido,SBMG3KSE56MH4XUDN
Lamborghini,Huracán EVO,2021,Gris,206200.0,612,2.84,Italia,ZHWLCTSGZWB1BYDWH
Nissan,GT-R Nismo,2021,Naranja,207700.0,622,2.72,Japón,JN1F9KUTL4DTHJAGF
Chevrolet,Corvette C8 Z06,2023,Azul,151900.0,674,2.7,EE.UU.,1G1KWYUU2CAH81GHB
Ferrari,F8 Tributo,2019,Blanco,336700.0,737,2.87,Italia,ZFFK4TP5S8F7Z7GY5
McLaren,570S,2020,Blanco,161200.0,574,3.03,Reino Unido,SBMRFUD96BDHVTG3Y
Chevrolet,Corvette C8 Stingray,2021,Negro,75300.0,493,2.94,EE.UU.,1G19PXPK123FGRKP7
McLaren,570S,2021,Negro,168000.0,565,3.27,Reino Unido,SBMK5FKDAVLT2H5YX
Nissan,GT-R Nismo,2015,Naranja,133600.0,612,2.75,Japón,JN1GZ4NTLW13BV80S
McLaren,720S,2018,Amarillo,235600.0,736,2.83,Reino Unido,SBMAF8TLVX8GBLJC5
Nissan,GT-R Nismo,2023,Azul,151200.0,590,2.89,Japón,JN111E5WCGA3SUG95
Chevrolet,Corvette C8 Stingray,2020,Azul eléctrico,105300.0,515,3.07,EE.UU.,1G1UWY7EDCHJYR8UD
McLaren,720S,2023,Naranja,242100.0,732,2.9,Reino Unido,SBM1JGFVFPW50X8LS
McLaren,720S,2021,Amarillo,200400.0,706,2.86,Reino Unido,SBM633MFXN20GZRKS
Chevrolet,Corvette C8 Stingray,2021,Azul eléctrico,98200.0,516,3.19,EE.UU.,1G1YMW85LU9G7L28Y
Bugatti,Chiron,2020,Negro,1750000.0,1502,2.4,Francia,VF9GLUALY9V3C93EB
Ferrari,F8 Tributo,2022,Rojo,241000.0,711,2.91,Italia,ZFFVNYWY797N5DJBA
Bugatti,Chiron,2019,Rojo burdeos,2285900.0,1502,2.24,Francia,VF90BT4FY6M1J7SP6
Aston Martin,DBS Superleggera,2021,Gris mate,309900.0,729,3.44,Reino Unido,SCFH0M2VL8D3JL34R
Lamborghini,Huracán EVO,2022,Amarillo,242800.0,621,2.84,Italia,ZHW1DARSJ97KYUK8N
Lamborghini,Aventador S,2024,Negro,245000.0,749,2.77,Italia,ZHWU5UPBUU52ZMWE9
Audi,R8 V10 Performance,2019,Negro,202200.0,622,2.93,Alemania,WUAWU5XK98KFUJ342
Lamborghini,Aventador S,2021,Blanco,268300.0,725,2.89,Italia,ZHWG5Z17WBBS25TKL
BMW,M4 Competition (G82),2023,Blanco,83600.0,515,3.91,Alemania,WBSBDB5G6U10S70AX
BMW,M4 Competition (G82),2024,Negro,119900.0,499,3.67,Alemania,WBSPSK5880C71C1DX
Porsche,911 GT3 (992),2022,Amarillo,165400.0,506,3.32,Alemania,WP0KW9XU17A9VYX1V
McLaren,570S,2015,Amarillo,194600.0,576,3.35,Reino Unido,SBMUTYJ2YSYZYE31U
Aston Martin,DBS Superleggera,2023,Gris,269100.0,721,3.31,Reino Unido,SCFX7YNVU1AJCXNVE
McLaren,570S,2022,Naranja,239200.0,551,3.1,Reino Unido,SBMJRTPXADJ5X8BCA
Audi,R8 V10 Performance,2022,Negro,229400.0,606,3.2,Alemania,WUAFD31NGNABZ24MU
Lamborghini,Aventador S,2022,Blanco,356600.0,734,2.86,Italia,ZHW2H9Z63VW7662Z6
Porsche,911 Turbo S (992),2022,Naranja,179100.0,661,2.53,Alemania,WP0JVZY69PM87CVT0
McLaren,570S,2019,Blanco,186000.0,579,3.08,Reino Unido,SBMTPF9TE8UTTWP1V
Porsche,911 GT3 (992),2021,Amarillo,145000.0,519,3.42,Alemania,WP0MLSAU3S293JTSK
Aston Martin,DBS Superleggera,2019,Gris,270400.0,727,3.39,Reino Unido,SCFVDVNSCK52MR8JD
Lamborghini,Huracán EVO,2021,Gris mate,227800.0,658,2.8,Italia,ZHWA11GFKUZ73PGZN
Lamborghini,Aventador S,2017,Verde lima,381300.0,761,2.95,Italia,ZHWMFENKJ8RF6LCPW
Lamborghini,Aventador S,2023,Amarillo,394000.0,749,2.98,Italia,ZHW53U8XDV4PSSGYU
BMW,M4 Competition (G82),2022,Naranja,98200.0,496,3.63,Alemania,WBSZ8YW8Z7DWX2AP7
Nissan,GT-R Nismo,2018,Rojo,207500.0,585,2.89,Japón,JN197PKPKJY199T3K
Aston Martin,Vantage,2020,Amarillo,147800.0,516,3.82,Reino Unido,SCF2TXKVMRX88ZWVV
Porsche,911 GT3 (992),2024,Gris,171200.0,511,3.47,Alemania,WP0ESM2VH5A1K75C3
McLaren,720S,2019,Rojo,316800.0,720,2.76,Reino Unido,SBMHDFV5LS2Y1MUBT
Ferrari,488 GTB,2019,Amarillo,215700.0,673,3.07,Italia,ZFF76AJ9BG59KTA3L
Porsche,911 Turbo S (992),2023,Blanco,206700.0,655,2.71,Alemania,WP0GR73CFFYZZR7H3
Aston Martin,DBS Superleggera,2021,Rojo,289400.0,733,3.28,Reino Unido,SCFTE1H6F8KTV5ZD9
Chevrolet,Corvette C8 Stingray,2024,Verde lima,91000.0,486,2.98,EE.UU.,1G120WJA03XHGRNDZ
Aston Martin,Vantage,2022,Amarillo,171100.0,547,3.79,Reino Unido,SCFK5S78HUDZLMGVH
McLaren,570S,2020,Rojo,207600.0,563,3.11,Reino Unido,SBM80X00BTYS541V7
Chevrolet,Corvette C8 Stingray,2024,Blanco,87700.0,532,3.11,EE.UU.,1G1RB07WPCV0E1HNC
Lamborghini,Huracán EVO,2022,Blanco,238800.0,649,2.75,Italia,ZHW2HYD0CS7HZYACB
Lamborghini,Huracán EVO,2020,Negro,200000.0,630,2.73,Italia,ZHWEHC1GW0U3LUTH7
BMW,M4 Competition (G82),2021,Negro,123100.0,492,3.9,Alemania,WBSTVL0SCM51EU4FC
Porsche,911 Turbo S (992),2020,Rojo,240900.0,656,2.68,Alemania,WP0XU1MGF6XFM3MF4
BMW,M4 Competition (G82),2021,Rojo,94400.0,512,3.73,Alemania,WBSRL483V3KU4633J
Chevrolet,Corvette C8 Z06,2024,Azul,156900.0,667,2.56,EE.UU.,1G10WRWU6M1WMC660
Lamborghini,Huracán EVO,2023,Negro,244800.0,616,2.77,Italia,ZHWNTXVBF8238KUZN
Aston Martin,Vantage,2019,Naranja,145000.0,506,3.47,Reino Unido,SCFXKMJP093FZ3UNC
McLaren,720S,2024,Verde lima,283000.0,714,2.84,Reino Unido,SBMMMKTMA6W2YE0EE
BMW,M4 Competition (G82),2023,Gris,92200.0,514,3.84,Alemania,WBSDSB0P04N179JVC
Chevrolet,Corvette C8 Stingray,2022,Naranja,92700.0,499,3.01,EE.UU.,1G1MFBC1BG618R7MD
Aston Martin,Vantage,2020,Gris mate,166300.0,519,3.49,Reino Unido,SCFAU4798CCRPLUF2
McLaren,720S,2021,Naranja,277500.0,728,2.82,Reino Unido,SBMZYD5X4AZRZPYWB
Aston Martin,DBS Superleggera,2021,Verde lima,230100.0,734,3.37,Reino Unido,SCFXHS2DECVFSDKUR
Porsche,911 Turbo S (992),2020,Negro,212400.0,663,2.65,Alemania,WP0VNE2WZMUVWUTPY
Aston Martin,DBS Superleggera,2021,Azul,289300.0,722,3.4,Reino Unido,SCFG4N5JZZ5HE674P
Ferrari,F8 Tributo,2024,Gris mate,246600.0,707,2.87,Italia,ZFFHC8G0KJNSS0XZ9
Chevrolet,Corvette C8 Z06,2023,Verde lima,173300.0,660,2.73,EE.UU.,1G1EWWM5LCUTDVV1P
Porsche,911 GT3 (992),2023,Blanco,193700.0,503,3.37,Alemania,WP0ETUSKL1289MSRD
Chevrolet,Corvette C8 Z06,2024,Amarillo,148100.0,669,2.81,EE.UU.,1G1MVK5A6B2Y1BC4R
Aston Martin,Vantage,2020,Azul eléctrico,133900.0,513,3.7,Reino Unido,SCF0ALTSA78TX4RD8
McLaren,720S,2024,Naranja,327000.0,717,2.82,Reino Unido,SBMKCZWHC09V4SFMY
BMW,M4 Competition (G82),2024,Blanco,118200.0,506,3.91,Alemania,WBSKSBTFBUWRB6S2F
Porsche,911 Turbo S (992),2022,Gris mate,278000.0,662,2.67,Alemania,WP04DYT7P46ZLTVAG
McLaren,720S,2024,Gris,313800.0,703,2.89,Reino Unido,SBMMSCS20G78LWYW4
Lamborghini,Huracán EVO,2022,Naranja,222300.0,650,2.81,Italia,ZHWXHAA16BJ7SA40H
Porsche,911 GT3 (992),2022,Verde lima,176600.0,501,3.43,Alemania,WP036RKV303RCFPFC
Lamborghini,Huracán EVO,2019,Blanco,230800.0,609,2.93,Italia,ZHWC4E6AA2TZ6LLCD
Chevrolet,Corvette C8 Z06,2023,Rojo,144400.0,677,2.68,EE.UU.,1G1SL0RDWE4HP24DT
Aston Martin,Vantage,2018,Azul eléctrico,131900.0,524,3.62,Reino Unido,SCFAG6LR8MBLX4M1V
Chevrolet,Corvette C8 Z06,2023,Azul,107200.0,645,2.69,EE.UU.,1G117KFUF538PYJC9
Chevrolet,Corvette C8 Z06,2024,Blanco,145600.0,669,2.71,EE.UU.,1G18HL2TJ1EMMFD3F
McLaren,570S,2015,Amarillo,176600.0,559,3.13,Reino Unido,SBMY4C39D85BDFZ5U
BMW,M4 Competition (G82),2022,Gris,122200.0,525,3.83,Alemania,WBSBFKJVCHX5PSRAX
BMW,M4 Competition (G82),2024,Rojo,92000.0,492,3.98,Alemania,WBSRU5K9BGRWKWJRX
Lamborghini,Huracán EVO,2020,Naranja,277300.0,644,2.81,Italia,ZHWC00ZPYSTSPRYK4
Nissan,GT-R Nismo,2016,Azul,236900.0,635,2.55,Japón,JN1UGNZYP3RUFFX2P
Ferrari,488 GTB,2019,Rojo burdeos,191000.0,695,2.94,Italia,ZFFW9GFA075RS5CUA
Nissan,GT-R Nismo,2020,Rojo burdeos,230900.0,600,2.9,Japón,JN1KT56N9HDSK0AY0
Lamborghini,Aventador S,2023,Gris mate,384400.0,736,3.07,Italia,ZHWJUABPB8CYBZ7VD
Porsche,911 Turbo S (992),2023,Verde lima,238200.0,658,2.89,Alemania,WP06A5J5R7H4M1FXY
Lamborghini,Aventador S,2017,Gris mate,352500.0,731,2.99,Italia,ZHW26D0RHYXMUMPML
McLaren,570S,2020,Blanco,182900.0,591,3.14,Reino Unido,SBM60WS817HFPVXZT
McLaren,720S,2022,Rojo,261100.0,724,3.07,Reino Unido,SBMP2LVEYS5NUX6RJ
McLaren,720S,2017,Naranja,308700.0,713,2.66,Reino Unido,SBMY5KWAV7XFFDA56
Nissan,GT-R Nismo,2019,Gris,189700.0,582,2.83,Japón,JN1HEGX78Y5ME4MRR
Nissan,GT-R Nismo,2015,Blanco,199100.0,604,2.72,Japón,JN1C7P8LR0K3CRULP
Porsche,911 GT3 (992),2022,Amarillo,185200.0,514,3.24,Alemania,WP0S0WL9JEYW9J92L
Aston Martin,Vantage,2022,Verde lima,153200.0,487,3.6,Reino Unido,SCFDYJR3M9DE3BYSK
Porsche,911 Turbo S (992),2022,Gris,227600.0,679,2.85,Alemania,WP0XNSS4JJCS68L3K
BMW,M4 Competition (G82),2022,Azul,83900.0,499,3.77,Alemania,WBSDC0P69RUA36NXB
Ferrari,F8 Tributo,2021,Rojo burdeos,291600.0,726,3.01,Italia,ZFFU9SF27FSYKBR5W
Chevrolet,Corvette C8 Z06,2023,Amarillo,132900.0,667,2.87,EE.UU.,1G1YZE1XH6BRXUK86
Aston Martin,DBS Superleggera,2024,Azul eléctrico,315700.0,731,3.64,Reino Unido,SCFBS1SY47D7BB0VL
Lamborghini,Aventador S,2021,Rojo,337100.0,759,2.94,Italia,ZHW57ZKPAU0FK2JV8
Audi,R8 V10 Performance,2021,Rojo burdeos,173900.0,615,3.05,Alemania,WUAZD62F2C9KD8DNH
Porsche,911 GT3 (992),2022,Gris,168900.0,508,3.28,Alemania,WP0W5GU9D4HCPZAT9
Aston Martin,DBS Superleggera,2018,Rojo burdeos,277900.0,721,3.53,Reino Unido,SCFF4H77T4M5PMH9E
Bugatti,Chiron,2017,Amarillo,2858800.0,1515,2.41,Francia,VF9BKY6NJH63ALRBN
Chevrolet,Corvette C8 Z06,2023,Gris mate,141600.0,667,2.64,EE.UU.,1G1Z989RH3PFTWBVN
BMW,M4 Competition (G82),2022,Negro,70000.0,498,3.9,Alemania,WBS5KTL554F5A35JY
Ferrari,488 GTB,2023,Naranja,231100.0,686,3.12,Italia,ZFFXYZ7S0C0UNF2VA
McLaren,570S,2015,Gris,207800.0,577,3.3,Reino Unido,SBMYRAP7MF7JKXJGD
Ferrari,488 GTB,2018,Negro,193400.0,680,2.99,Italia,ZFFZ2WY3N0WMKN60N
Porsche,911 Turbo S (992),2024,Azul eléctrico,209200.0,648,2.71,Alemania,WP09T7Y09GEXSPKPU
Porsche,911 Turbo S (992),2023,Gris mate,223800.0,654,2.61,Alemania,WP0VA8NU0NC7CJ28S
Nissan,GT-R Nismo,2021,Gris mate,200100.0,599,2.54,Japón,JN1H7TYY8LSZR8761
Porsche,911 GT3 (992),2022,Rojo,217800.0,518,3.48,Alemania,WP0MU0UXJJY5UF9ZB
McLaren,570S,2021,Azul,186200.0,569,3.26,Reino Unido,SBMX6ZBC9E78S2HC9
Nissan,GT-R Nismo,2014,Gris,192100.0,623,2.88,Japón,JN1TKEEMUX3ZU3K7H
Chevrolet,Corvette C8 Stingray,2020,Naranja,79700.0,492,3.11,EE.UU.,1G1203LDJXH6UBGYP
Aston Martin,DBS Superleggera,2018,Gris mate,297900.0,731,3.38,Reino Unido,SCF8MPPPFHDR56872
McLaren,720S,2022,Negro,335700.0,726,3.02,Reino Unido,SBMXC928CTGNPV7U4
Audi,R8 V10 Performance,2023,Rojo,245500.0,641,2.86,Alemania,WUAAH8J23CSYZ4AVZ
Chevrolet,Corvette C8 Z06,2023,Naranja,128800.0,656,2.65,EE.UU.,1G1D0ZWZGKEJH7AE2
McLaren,570S,2019,Naranja,229300.0,564,3.16,Reino Unido,SBMH3FD70NPL5G8TJ
Aston Martin,DBS Superleggera,2023,Negro,319300.0,746,3.38,Reino Unido,SCFBG16RGDVELHDS9
BMW,M4 Competition (G82),2023,Naranja,124000.0,511,3.92,Alemania,WBSX5YBWBBCYBJ1KA
Porsche,911 Turbo S (992),2023,Azul,237300.0,659,2.53,Alemania,WP0WS6806RR17028F
Lamborghini,Huracán EVO,2023,Rojo,299000.0,648,2.87,Italia,ZHW06M5C8XVAKMX9F
Ferrari,F8 Tributo,2019,Amarillo,252200.0,709,2.87,Italia,ZFFJ6ZT90E1EUR9NJ
McLaren,570S,2016,Verde lima,169600.0,569,3.36,Reino Unido,SBMA7E6JN4M7P529B
Nissan,GT-R Nismo,2024,Gris mate,183000.0,580,2.77,Japón,JN1KJN6HYPG4099L9
Chevrolet,Corvette C8 Z06,2024,Amarillo,152300.0,662,2.5,EE.UU.,1G17UH95L8BRNLYUX
Nissan,GT-R Nismo,2017,Gris,234200.0,583,2.7,Japón,JN1TYYER5TE5FP0D1
Chevrolet,Corvette C8 Stingray,2020,Rojo,77800.0,522,2.72,EE.UU.,1G1NP8JW9TFDE3879
Chevrolet,Corvette C8 Z06,2023,Gris mate,133800.0,668,2.52,EE.UU.,1G14XA19P95F40T9B
Audi,R8 V10 Performance,2024,Negro,157700.0,622,3.09,Alemania,WUAXTMV0J7932BZA0
Chevrolet,Corvette C8 Z06,2024,Rojo burdeos,159000.0,681,2.54,EE.UU.,1G1ZKEUAH5R8DS3ES
Porsche,911 Turbo S (992),2024,Amarillo,161000.0,637,2.84,Alemania,WP0WXLSRA3PUCH664
Chevrolet,Corvette C8 Stingray,2024,Amarillo,100800.0,472,2.86,EE.UU.,1G14D0KCC2FH52X23
Aston Martin,DBS Superleggera,2020,Negro,299900.0,727,3.49,Reino Unido,SCFSZCLSN86MTZ6Z9
Ferrari,488 GTB,2019,Naranja,179700.0,657,2.94,Italia,ZFF9W55ED9AZMV8MJ
Chevrolet,Corvette C8 Stingray,2020,Gris mate,67600.0,480,2.8,EE.UU.,1G1RFD49Y609K5Y6W
Aston Martin,DBS Superleggera,2020,Amarillo,330100.0,731,3.49,Reino Unido,SCF4BWGXGV87Y2PJS
Nissan,GT-R Nismo,2016,Verde lima,140200.0,608,2.97,Japón,JN1PZLP5TZVG23F09
Lamborghini,Aventador S,2023,Verde lima,333500.0,738,2.97,Italia,ZHW5NWWW65B6SUCSM
Lamborghini,Huracán EVO,2022,Azul,299000.0,643,2.73,Italia,ZHWX7HW29X9DL2R3P
Nissan,GT-R Nismo,2024,Gris,191500.0,610,2.79,Japón,JN1HGB594HS5KVTDG
Porsche,911 Turbo S (992),2023,Blanco,216700.0,653,2.73,Alemania,WP0KACNTXXAUNR0C4
Porsche,911 GT3 (992),2023,Rojo,233600.0,490,3.71,Alemania,WP09W9YL7TG0V8V62
McLaren,720S,2019,Rojo burdeos,234900.0,711,2.9,Reino Unido,SBMRDNDC0PP1KKZ7Y
BMW,M4 Competition (G82),2023,Amarillo,107500.0,498,3.96,Alemania,WBSBWUPBAURJUJ656
Lamborghini,Huracán EVO,2022,Amarillo,191400.0,626,2.8,Italia,ZHWY6VZ2JTDEWR7CX
Lamborghini,Aventador S,2023,Rojo,245000.0,724,3.07,Italia,ZHWPEZJHGKTF0T201
Porsche,911 GT3 (992),2023,Blanco,137100.0,517,3.46,Alemania,WP0AUFSCS3U8RBSLA
Nissan,GT-R Nismo,2023,Gris,200000.0,603,2.99,Japón,JN1GALD551U0915R1
Porsche,911 GT3 (992),2023,Naranja,185800.0,515,3.57,Alemania,WP0FEKCFRG3H59167
BMW,M4 Competition (G82),2022,Amarillo,107300.0,517,3.87,Alemania,WBS4YPDS6Y1T4Y4DT
Chevrolet,Corvette C8 Z06,2024,Naranja,121000.0,679,2.83,EE.UU.,1G1BK0B27MNX0AG7C
Ferrari,488 GTB,2020,Amarillo,241700.0,652,2.97,Italia,ZFFD1L8E58HHXC5NJ
BMW,M4 Competition (G82),2024,Azul,82500.0,500,3.9,Alemania,WBSGBCHS6KADYUVUH
Aston Martin,DBS Superleggera,2020,Gris mate,230900.0,710,3.29,Reino Unido,SCF4VA2ZGTJNS17BL
Nissan,GT-R Nismo,2015,Azul,164100.0,608,2.83,Japón,JN1PP9L70L0MDWLE4
Chevrolet,Corvette C8 Z06,2023,Rojo burdeos,145500.0,668,2.78,EE.UU.,1G1TULLCC3YY2HT77
BMW,M4 Competition (G82),2024,Azul,111700.0,529,3.95,Alemania,WBS1J10WJ8S22M14X
Lamborghini,Aventador S,2022,Gris,335600.0,747,2.79,Italia,ZHW5LY3SKWY7P61E3
Ferrari,488 GTB,2021,Azul,312000.0,682,3.25,Italia,ZFFA5CP03G273K4GM
Chevrolet,Corvette C8 Z06,2023,Blanco,155100.0,669,2.77,EE.UU.,1G19TV7FXYHLXE5GJ
Lamborghini,Huracán EVO,2020,Gris mate,282300.0,653,2.76,Italia,ZHWD44Y3D0DWRCY6M
McLaren,720S,2021,Verde lima,226300.0,730,2.71,Reino Unido,SBM9Z68EPRVZCSC4H
Nissan,GT-R Nismo,2023,Gris mate,211000.0,599,2.85,Japón,JN169W67F1WBH1XVN
Bugatti,Chiron,2022,Azul eléctrico,2342100.0,1514,2.5,Francia,VF9UZM3VHP63RUCJC
Chevrolet,Corvette C8 Z06,2024,Azul eléctrico,155100.0,678,2.74,EE.UU.,1G1U63F7E732HF46H
McLaren,570S,2018,Negro,166500.0,587,3.07,Reino Unido,SBMYDADNJJ06BZXKF
Porsche,911 Turbo S (992),2021,Blanco,242000.0,658,2.68,Alemania,WP0W90XUM1BG4A0NX
Ferrari,488 GTB,2024,Gris mate,291400.0,659,3.01,Italia,ZFFJEZA966KMVYNGY
Bugatti,Chiron,2021,Negro,2546700.0,1518,2.39,Francia,VF9MX7H19TE9NY1FU
Chevrolet,Corvette C8 Stingray,2020,Negro,101500.0,497,3.05,EE.UU.,1G1VBGNMSTHKC2M7U
BMW,M4 Competition (G82),2023,Negro,89200.0,503,3.71,Alemania,WBS70Y9W9JAKYJ4J0
BMW,M4 Competition (G82),2023,Rojo,95900.0,522,3.92,Alemania,WBSUN03G8NJZ95H9C
Nissan,GT-R Nismo,2017,Rojo,184000.0,597,2.76,Japón,JN1XNFRUS6GKKBUL8
McLaren,720S,2021,Rojo burdeos,270400.0,720,3.02,Reino Unido,SBMWBRU68VLZNWNUW
Nissan,GT-R Nismo,2022,Rojo,182400.0,612,2.93,Japón,JN1T58KFZP8J3S8S0
BMW,M4 Competition (G82),2021,Negro,95100.0,521,3.67,Alemania,WBS6M6JXM37Z3D9Y8
McLaren,570S,2017,Negro,165100.0,571,3.34,Reino Unido,SBMK0YC740976FD6X
Ferrari,488 GTB,2021,Verde lima,257200.0,678,2.89,Italia,ZFFBFGV7U91B9FAZC
Audi,R8 V10 Performance,2019,Rojo burdeos,213200.0,623,3.0,Alemania,WUAYPHSR6WTU91JW7
Chevrolet,Corvette C8 Z06,2024,Rojo,112800.0,683,2.71,EE.UU.,1G1N8WWH0ANZZDNRZ
Lamborghini,Huracán EVO,2024,Rojo burdeos,247600.0,615,2.93,Italia,ZHWMW8HKS4XRXBZG8
Aston Martin,DBS Superleggera,2018,Rojo,211800.0,708,3.32,Reino Unido,SCF1AE66YXLEF6BRT
Lamborghini,Huracán EVO,2019,Amarillo,239900.0,626,2.98,Italia,ZHWVP1BL6VR8CCGYV
Aston Martin,Vantage,2024,Azul,133100.0,514,3.8,Reino Unido,SCF516D280PT4MBYC
McLaren,720S,2022,Blanco,241100.0,727,2.78,Reino Unido,SBM84VUR458K67YE3
Aston Martin,DBS Superleggera,2021,Blanco,260400.0,753,3.43,Reino Unido,SCF4AJ4FZKS37XG12
Aston Martin,DBS Superleggera,2024,Rojo,293300.0,752,3.33,Reino Unido,SCF8DM3FY42N4T5X8
Bugatti,Chiron,2021,Gris,2232100.0,1499,2.34,Francia,VF9XKE131CR1X3RR8
Nissan,GT-R Nismo,2015,Verde lima,155700.0,600,2.75,Japón,JN17PNCMU3FE50ET2
Ferrari,488 GTB,2022,Naranja,251500.0,678,2.93,Italia,ZFFJ2LNFJ8SX744GD
Audi,R8 V10 Performance,2020,Verde lima,154500.0,622,3.04,Alemania,WUAKPJFHLZ63NTYH5
McLaren,720S,2020,Amarillo,227000.0,745,2.78,Reino Unido,SBMP92FVW71Y2HHRK
Lamborghini,Huracán EVO,2022,Verde lima,254800.0,638,3.12,Italia,ZHW1RRV2EDRBU3K2N
Ferrari,488 GTB,2019,Rojo burdeos,205200.0,691,2.89,Italia,ZFFD1MUU36RJWUGAR
BMW,M4 Competition (G82),2022,Rojo,70000.0,534,3.89,Alemania,WBSHH5FJMS2HPHG07
Aston Martin,Vantage,2021,Rojo,158600.0,498,3.56,Reino Unido,SCFV0W2NXDT35HL4V
Porsche,911 Turbo S (992),2022,Verde lima,290600.0,659,2.69,Alemania,WP08EB93E72BZVL2E
Ferrari,F8 Tributo,2021,Azul eléctrico,266900.0,764,2.79,Italia,ZFF2FN64ZV7Z4FDLP
Nissan,GT-R Nismo,2018,Naranja,203000.0,600,2.91,Japón,JN11LPMTPXJ1AP2J9
Ferrari,488 GTB,2023,Rojo burdeos,217900.0,678,3.05,Italia,ZFFNDR29R54EZT73X
BMW,M4 Competition (G82),2023,Azul,109000.0,532,3.87,Alemania,WBSMFPEWL7FVTP5NZ
Lamborghini,Huracán EVO,2022,Azul,200300.0,659,2.81,Italia,ZHW8FT8GJML75TTZ9
Audi,R8 V10 Performance,2020,Verde lima,169900.0,610,2.96,Alemania,WUA0A7TGX682U1A48
Chevrolet,Corvette C8 Z06,2024,Amarillo,118100.0,682,2.64,EE.UU.,1G1MM624NVTVUJX8B
Lamborghini,Huracán EVO,2023,Blanco,233500.0,651,2.91,Italia,ZHWWRLVBZH6EKYM3Z
Nissan,GT-R Nismo,2014,Azul,193200.0,597,2.92,Japón,JN1UHL6NJA7JHYVEA
Aston Martin,Vantage,2022,Amarillo,153100.0,473,3.69,Reino Unido,SCFEH96DZA12C0Y1P
McLaren,720S,2019,Verde lima,222100.0,713,3.19,Reino Unido,SBMJ77VUYG58H7N5E
Lamborghini,Huracán EVO,2021,Verde lima,266300.0,647,2.83,Italia,ZHWZ4L2U6LC20F8RE
McLaren,720S,2021,Naranja,284800.0,719,2.97,Reino Unido,SBMC5D0U4YDB2TGRF
Chevrolet,Corvette C8 Stingray,2021,Negro,92000.0,473,2.83,EE.UU.,1G1EJYYSNXJ6E7JTV
Aston Martin,DBS Superleggera,2023,Amarillo,327000.0,725,3.53,Reino Unido,SCFNS8XYTF1JHZDT3
Aston Martin,DBS Superleggera,2021,Verde lima,316600.0,759,3.39,Reino Unido,SCFUSG3HYEM2KVTEA
McLaren,720S,2019,Rojo burdeos,312500.0,721,2.84,Reino Unido,SBM11R5MN43DPCASE
Aston Martin,Vantage,2020,Gris,112000.0,506,3.68,Reino Unido,SCFDF0216ZSY2AJK1
McLaren,570S,2021,Gris mate,236400.0,554,3.07,Reino Unido,SBMS8H544ZT1096SC
Aston Martin,Vantage,2023,Rojo,135300.0,515,3.63,Reino Unido,SCFKHWC6GXRJU5ETH
Audi,R8 V10 Performance,2022,Gris,179100.0,615,3.28,Alemania,WUAP6VE1SEVPX6KM9
Lamborghini,Huracán EVO,2022,Rojo burdeos,241900.0,639,2.96,Italia,ZHWF59SXE3YGTKM92
Aston Martin,DBS Superleggera,2019,Azul eléctrico,302900.0,717,3.25,Reino Unido,SCFYYLFLWXZ56U4R8
Ferrari,488 GTB,2017,Azul,290900.0,661,3.1,Italia,ZFFV72UYAY8TS0J7U
Aston Martin,Vantage,2020,Rojo burdeos,157200.0,504,3.36,Reino Unido,SCFA9JDPGXWDM8AX0
Aston Martin,DBS Superleggera,2018,Rojo,292000.0,738,3.34,Reino Unido,SCFKCC6WM63WA4NEN
Ferrari,488 GTB,2024,Negro,271200.0,681,2.96,Italia,ZFFPSGC496DHBG68R
Aston Martin,DBS Superleggera,2022,Negro,242300.0,698,3.19,Reino Unido,SCFXDA0ED599AX0L4
Ferrari,F8 Tributo,2021,Azul eléctrico,220700.0,738,3.07,Italia,ZFF7FSRRXNKL5DAH9
Nissan,GT-R Nismo,2018,Gris mate,177700.0,608,2.67,Japón,JN17UNB1PWNUDCRPB
Ferrari,488 GTB,2020,Amarillo,256200.0,675,3.11,Italia,ZFFPGZ0H2HXS2GH31
Audi,R8 V10 Performance,2022,Naranja,209200.0,639,3.27,Alemania,WUAX62P19B85T73V3
Aston Martin,DBS Superleggera,2022,Rojo,307400.0,740,3.49,Reino Unido,SCFMLAP0ST34CZ9H5
Porsche,911 Turbo S (992),2021,Azul eléctrico,239600.0,649,2.61,Alemania,WP0TB0KHN7MW5W575
Porsche,911 Turbo S (992),2021,Rojo,161000.0,649,2.62,Alemania,WP0DPW5FKC8K3RJBH
Porsche,911 GT3 (992),2022,Negro,178300.0,489,3.29,Alemania,WP0CBJGVG5YNPNVA2
Chevrolet,Corvette C8 Z06,2024,Azul,162400.0,681,2.83,EE.UU.,1G1MZH5ZDGDWG27BX
Porsche,911 GT3 (992),2024,Gris mate,195100.0,509,3.3,Alemania,WP02L6N0ATXMM6BNK
Porsche,911 Turbo S (992),2023,Rojo burdeos,292200.0,641,2.72,Alemania,WP0USXFGPMXSK2EZ6
Nissan,GT-R Nismo,2023,Gris,200100.0,604,2.72,Japón,JN11AZAKC88M35K9N
BMW,M4 Competition (G82),2022,Negro,94600.0,497,3.98,Alemania,WBSK5BFDU5F9P0XAN
Lamborghini,Aventador S,2020,Verde lima,364600.0,732,2.72,Italia,ZHWRWF6R8L8SLJUS4
Chevrolet,Corvette C8 Stingray,2024,Naranja,81800.0,470,3.01,EE.UU.,1G1FPPMZ0S4E8YC2D
Aston Martin,Vantage,2023,Naranja,168600.0,505,3.5,Reino Unido,SCFU9JKRX2GTBAS6W
Lamborghini,Huracán EVO,2019,Naranja,210400.0,626,3.06,Italia,ZHWL8ZRW0YSU3KUG7
BMW,M4 Competition (G82),2023,Azul eléctrico,99700.0,497,3.69,Alemania,WBSP7BUR590MGCZWU
Ferrari,F8 Tributo,2019,Rojo burdeos,289200.0,716,2.91,Italia,ZFFPGUMJ1HBJNT1VL
Aston Martin,Vantage,2020,Rojo,135600.0,498,3.49,Reino Unido,SCFSFB5689YUHNWFW
Ferrari,F8 Tributo,2024,Amarillo,324700.0,733,2.95,Italia,ZFFRZ5MKUS1BG5U7C
Bugatti,Chiron,2024,Azul,2483400.0,1533,2.57,Francia,VF93PXDUHBHZ2SBJH
Ferrari,488 GTB,2019,Verde lima,223700.0,668,3.01,Italia,ZFFL6EE1LE4JWTMRX
Ferrari,488 GTB,2022,Naranja,266400.0,674,2.94,Italia,ZFFWYDARGS25YN5DP
Aston Martin,Vantage,2022,Rojo burdeos,157300.0,507,3.7,Reino Unido,SCFANUT1JYFR8R76S
McLaren,720S,2021,Naranja,278300.0,717,2.91,Reino Unido,SBMASTNDTHLP6LZSE
Chevrolet,Corvette C8 Z06,2023,Gris,150600.0,653,2.7,EE.UU.,1G1J0MWB6RTTTC1E8
Lamborghini,Huracán EVO,2019,Blanco,197200.0,625,2.74,Italia,ZHWFAX5P1RZCAWPFB
Audi,R8 V10 Performance,2019,Azul,198400.0,651,3.0,Alemania,WUAWWFVFBWZ7MAFW4
Ferrari,488 GTB,2021,Azul eléctrico,185500.0,681,3.0,Italia,ZFFXR4TG71VX3JS2P
Chevrolet,Corvette C8 Z06,2023,Amarillo,126900.0,666,2.56,EE.UU.,1G19G7APTM9FXDG6M
Lamborghini,Huracán EVO,2020,Negro,244100.0,627,2.72,Italia,ZHWMJVMVGH289J1EP
Chevrolet,Corvette C8 Stingray,2022,Verde lima,86300.0,492,2.9,EE.UU.,1G1VJ989JRGE1DK90
Bugatti,Chiron,2024,Gris,2836900.0,1481,2.31,Francia,VF9XAN9ZLPRYAXBXR
Ferrari,488 GTB,2017,Negro,243900.0,667,2.96,Italia,ZFF7CNYW0ECP2S6MZ
Lamborghini,Huracán EVO,2024,Azul eléctrico,299000.0,650,2.86,Italia,ZHW53VFFGBFEWB2HH
Lamborghini,Huracán EVO,2020,Azul eléctrico,295200.0,639,2.71,Italia,ZHWK3DEFXW63L4CX7
BMW,M4 Competition (G82),2022,Rojo burdeos,105000.0,494,3.97,Alemania,WBSYK0U7VCW0GTHYB
Aston Martin,DBS Superleggera,2024,Azul eléctrico,313800.0,707,3.39,Reino Unido,SCFFMHZKV7BY0LZXY
Porsche,911 Turbo S (992),2022,Amarillo,282600.0,646,2.79,Alemania,WP0VMBC6EDKZKLX6K
McLaren,720S,2019,Naranja,296900.0,712,2.87,Reino Unido,SBMALXTHEGXKP9KMN
Aston Martin,DBS Superleggera,2021,Gris,293700.0,746,3.28,Reino Unido,SCF0S3TN8WH1CDGJP
Ferrari,488 GTB,2018,Azul,218900.0,658,3.19,Italia,ZFFZVH64FALXX2RYF
Bugatti,Chiron,2016,Amarillo,2459100.0,1517,2.56,Francia,VF93MHPVJ7X84LT99
Aston Martin,Vantage,2022,Gris mate,140200.0,493,3.53,Reino Unido,SCFGJ184LPVDBLWEW
Chevrolet,Corvette C8 Stingray,2022,Negro,107600.0,500,2.91,EE.UU.,1G1187TUSY33ZP1U2
Aston Martin,DBS Superleggera,2023,Amarillo,226900.0,729,3.26,Reino Unido,SCF57AZ5WC4UHWV9M
Lamborghini,Huracán EVO,2022,Azul eléctrico,271000.0,630,2.97,Italia,ZHWU1SJ0R10ELU9GE
Aston Martin,DBS Superleggera,2020,Rojo burdeos,303900.0,704,3.36,Reino Unido,SCF9C9DKB6128N4LL
McLaren,570S,2017,Gris,174000.0,597,3.16,Reino Unido,SBMHEDN18V7R1VDR3
BMW,M4 Competition (G82),2021,Amarillo,102600.0,501,3.93,Alemania,WBSBZ7AD7YNLTCD5Z
Chevrolet,Corvette C8 Stingray,2023,Rojo,92200.0,475,2.86,EE.UU.,1G10RTS6NPK4UKE5R
Audi,R8 V10 Performance,2019,Naranja,201400.0,659,3.13,Alemania,WUAFB0898X23DJPTA
Nissan,GT-R Nismo,2016,Gris mate,247000.0,568,2.93,Japón,JN1BP7A1YDKSPGL11
Aston Martin,DBS Superleggera,2021,Rojo,277800.0,742,3.42,Reino Unido,SCFRAA60NE5T47XWT
BMW,M4 Competition (G82),2021,Negro,115200.0,502,4.01,Alemania,WBSXXG8LP6XYC8EZ8
Porsche,911 GT3 (992),2021,Azul,214000.0,511,3.45,Alemania,WP0EGBKMWH8LUP92R
Ferrari,F8 Tributo,2019,Naranja,182000.0,729,2.99,Italia,ZFF2FASL0XXNCSVDW
Bugatti,Chiron,2021,Blanco,2382500.0,1493,2.38,Francia,VF9BGMYW6MG4PU186
McLaren,570S,2016,Azul eléctrico,181600.0,595,3.42,Reino Unido,SBMJ8NKVU5ZBSZC9E
Ferrari,488 GTB,2024,Azul eléctrico,178200.0,678,3.19,Italia,ZFF3PEAPA6AE9UCH3
Chevrolet,Corvette C8 Z06,2024,Verde lima,182000.0,666,2.63,EE.UU.,1G1WL8K04GKD43T89
Audi,R8 V10 Performance,2020,Gris,237100.0,631,2.92,Alemania,WUAATSCFN4EH8S79D
BMW,M4 Competition (G82),2023,Rojo,109400.0,476,3.96,Alemania,WBS7K6XEVK7W94MH2
Chevrolet,Corvette C8 Z06,2023,Verde lima,124500.0,676,2.62,EE.UU.,1G1JE65PFYUT36HHG
Aston Martin,DBS Superleggera,2020,Amarillo,318600.0,714,3.2,Reino Unido,SCF06YFYEUH6YRR26
Lamborghini,Aventador S,2023,Gris,354400.0,733,2.87,Italia,ZHW2NVW2SU1DB1M6J
Nissan,GT-R Nismo,2018,Blanco,146400.0,586,2.86,Japón,JN1NNFHV3LWGADLSN
Porsche,911 Turbo S (992),2021,Blanco,206000.0,667,2.5,Alemania,WP0K65SLYBRCGYNMV
Chevrolet,Corvette C8 Stingray,2022,Rojo,63000.0,513,3.01,EE.UU.,1G17CKZJBS4C55SG9
Aston Martin,DBS Superleggera,2023,Negro,297300.0,710,3.38,Reino Unido,SCF5LEV2F9H1YEEFE
BMW,M4 Competition (G82),2021,Negro,91600.0,507,3.85,Alemania,WBSF1XVTCTBSRGPGU
Chevrolet,Corvette C8 Stingray,2020,Naranja,91600.0,472,3.21,EE.UU.,1G1LF86ZXL6ENEWH3
BMW,M4 Competition (G82),2024,Amarillo,88100.0,529,3.8,Alemania,WBSA1V3NX94N4HG1Y
Nissan,GT-R Nismo,2021,Negro,209800.0,590,2.52,Japón,JN1KMEZT9L03N744T
Porsche,911 Turbo S (992),2024,Naranja,204100.0,649,2.69,Alemania,WP0B1Y7M56SRTRX8M
Porsche,911 Turbo S (992),2023,Amarillo,211200.0,662,2.76,Alemania,WP0BGSCEN5MV6G133
Chevrolet,Corvette C8 Stingray,2024,Rojo,90400.0,465,3.01,EE.UU.,1G10LRK1P4BCYBDN6
Porsche,911 GT3 (992),2022,Azul eléctrico,224600.0,494,3.31,Alemania,WP09V127KJ6NBA6YC
Porsche,911 GT3 (992),2024,Gris mate,188900.0,495,3.67,Alemania,WP0RV74MFP9FYCS2N
Ferrari,F8 Tributo,2024,Rojo burdeos,291900.0,749,2.76,Italia,ZFF65LSCJL8VCJUSU
Chevrolet,Corvette C8 Z06,2023,Blanco,142300.0,639,2.72,EE.UU.,1G1XRKYJ32C5KBL31
Ferrari,F8 Tributo,2024,Gris,231100.0,734,2.88,Italia,ZFFZBZP2D6WBEL4DY
McLaren,720S,2017,Gris,236800.0,735,2.75,Reino Unido,SBMD7J0FMBREPS299
McLaren,570S,2019,Azul,228000.0,562,3.14,Reino Unido,SBMHT0TTRHCYG0S2V
Porsche,911 GT3 (992),2021,Amarillo,172700.0,499,3.36,Alemania,WP0AY4BLAGSJJJG67
Chevrolet,Corvette C8 Z06,2024,Azul,165400.0,684,2.48,EE.UU.,1G182XX67E2RB54FU
Chevrolet,Corvette C8 Stingray,2024,Rojo,92800.0,489,2.94,EE.UU.,1G1ZCDL209MGBNWC3
Chevrolet,Corvette C8 Z06,2023,Blanco,125000.0,644,2.9,EE.UU.,1G1V1V4FJA9L374T1
Porsche,911 Turbo S (992),2020,Naranja,200000.0,650,2.68,Alemania,WP06E0R03R7E241XR
Aston Martin,Vantage,2021,Rojo burdeos,174900.0,504,3.49,Reino Unido,SCFGNWX9WPE9JBRGA
Chevrolet,Corvette C8 Stingray,2022,Naranja,75700.0,489,2.99,EE.UU.,1G12WTES8NDSTTWVV
Chevrolet,Corvette C8 Z06,2023,Azul,134300.0,657,2.72,EE.UU.,1G1DCCPWTPKDS9X6V
Aston Martin,Vantage,2024,Rojo burdeos,126200.0,503,3.85,Reino Unido,SCFT3CDMARUBV1DRB
Bugatti,Chiron,2019,Naranja,2564800.0,1523,2.38,Francia,VF9TLWF8YL2645103
Aston Martin,DBS Superleggera,2020,Azul,250900.0,704,3.46,Reino Unido,SCF9DK4PLVXMBJK6A
Porsche,911 GT3 (992),2024,Negro,214700.0,514,3.45,Alemania,WP0F79V628RXRXA1P
BMW,M4 Competition (G82),2021,Verde lima,95200.0,502,3.83,Alemania,WBSNM5P4B8KS97CLJ
Lamborghini,Huracán EVO,2023,Gris,181900.0,614,3.17,Italia,ZHWAPGCZH1YLA3FKG
BMW,M4 Competition (G82),2023,Gris mate,99700.0,511,4.01,Alemania,WBSW5M2801KRCXRR2
Bugatti,Chiron,2022,Gris,2740900.0,1496,2.3,Francia,VF9M8NGCYJH5V5LZ7
Ferrari,488 GTB,2016,Azul,179500.0,642,3.08,Italia,ZFF4BP49F5400M49W
Aston Martin,DBS Superleggera,2019,Amarillo,327200.0,727,3.34,Reino Unido,SCFB550UED35RLCXC
Audi,R8 V10 Performance,2021,Gris mate,197600.0,636,3.04,Alemania,WUA3VBZ05BCG9C74C
Porsche,911 Turbo S (992),2024,Negro,234800.0,665,2.54,Alemania,WP0TZJDUGNF0GJA43
Lamborghini,Huracán EVO,2019,Rojo burdeos,232800.0,655,2.64,Italia,ZHWU5V05LP4GLVNXP
Audi,R8 V10 Performance,2020,Rojo burdeos,160100.0,615,3.23,Alemania,WUAA2NTWWLSWWV99R
Nissan,GT-R Nismo,2019,Gris,172000.0,593,3.03,Japón,JN19SP0UB9BD61SX9
Bugatti,Chiron,2024,Negro,2251400.0,1498,2.42,Francia,VF9ECYYUUAY3N64LX
Aston Martin,Vantage,2021,Azul,182500.0,518,3.69,Reino Unido,SCFTY0KAMKU78JMP8
Chevrolet,Corvette C8 Stingray,2021,Azul,102900.0,479,2.95,EE.UU.,1G1LELXHMMC8LEFFY
Audi,R8 V10 Performance,2019,Gris,192700.0,622,3.18,Alemania,WUA9L5YWH4VRCH9P3
Audi,R8 V10 Performance,2022,Azul eléctrico,182600.0,620,3.27,Alemania,WUA9HLYLCC7J3CZJF
Chevrolet,Corvette C8 Z06,2023,Negro,158100.0,695,2.5,EE.UU.,1G1GD9J11T5PW9VRA
BMW,M4 Competition (G82),2024,Negro,98200.0,510,3.84,Alemania,WBSA8L173LXP9LR1U
Aston Martin,DBS Superleggera,2024,Rojo,302800.0,737,3.32,Reino Unido,SCFJL2Z38Y44896AF
Lamborghini,Huracán EVO,2019,Verde lima,211300.0,641,2.58,Italia,ZHWS3TS95DVA7GEF3
Ferrari,488 GTB,2018,Verde lima,262400.0,683,3.22,Italia,ZFF22EE98ZLLRS1ZJ
Audi,R8 V10 Performance,2020,Rojo burdeos,199800.0,643,3.13,Alemania,WUA2DEY0N5PZASD90
Aston Martin,Vantage,2021,Naranja,183100.0,513,3.59,Reino Unido,SCFCGMCLGS7JV1VZS
McLaren,720S,2020,Azul,281600.0,722,2.93,Reino Unido,SBMKDKPW3EGDZ1K0D
Porsche,911 Turbo S (992),2023,Blanco,212000.0,627,2.75,Alemania,WP0WSAYXJF460130H
Ferrari,488 GTB,2015,Blanco,220700.0,665,3.11,Italia,ZFFDCUP4HT1K27K9G
BMW,M4 Competition (G82),2022,Amarillo,86700.0,506,4.13,Alemania,WBS1XB075FWHH1X49
McLaren,720S,2024,Gris,304900.0,741,2.97,Reino Unido,SBMB024HJXCH1HCFV
Ferrari,488 GTB,2024,Gris,239700.0,673,3.04,Italia,ZFFYE3JP5PWXAPP9L
Chevrolet,Corvette C8 Stingray,2022,Naranja,63100.0,479,3.09,EE.UU.,1G1YTPU5G8MNWVA2M
Porsche,911 GT3 (992),2022,Rojo burdeos,169300.0,541,3.28,Alemania,WP08DS5T7Z260GAEM
Audi,R8 V10 Performance,2022,Azul eléctrico,221500.0,638,3.23,Alemania,WUASENT6EW9C0Z6Y9
Lamborghini,Huracán EVO,2022,Negro,202200.0,622,2.87,Italia,ZHWD6C111J7DB44GV
Lamborghini,Aventador S,2021,Blanco,283400.0,728,2.95,Italia,ZHWRPDKUX2Y2YLN1G
Audi,R8 V10 Performance,2023,Amarillo,186300.0,633,3.18,Alemania,WUAUNY1R2Y5XG55F6
BMW,M4 Competition (G82),2023,Negro,86600.0,500,3.97,Alemania,WBSVDT6081ZV4ZBWH
Chevrolet,Corvette C8 Z06,2023,Negro,115300.0,660,2.75,EE.UU.,1G17YBVJA2JMU794C
Audi,R8 V10 Performance,2020,Gris,219200.0,618,3.1,Alemania,WUA2KBEMYEV76A881
BMW,M4 Competition (G82),2024,Rojo,100600.0,483,3.69,Alemania,WBSP6TX2HUU445GNX
Chevrolet,Corvette C8 Z06,2023,Naranja,150300.0,659,2.7,EE.UU.,1G15BCVPGX4BT72EC
Porsche,911 GT3 (992),2024,Rojo,234900.0,506,3.34,Alemania,WP0P3Z07H0K8LFXDC
Audi,R8 V10 Performance,2024,Azul eléctrico,228700.0,610,3.11,Alemania,WUA498Z94XZ4AFTPE
Bugatti,Chiron,2016,Blanco,2847600.0,1517,2.23,Francia,VF9S1CPSVE8XZTAFJ
Audi,R8 V10 Performance,2019,Naranja,221500.0,622,2.97,Alemania,WUA2PHSHWMKLKXZYR
Porsche,911 GT3 (992),2024,Blanco,192400.0,511,3.35,Alemania,WP04GHHJZELLFCNKC
Aston Martin,DBS Superleggera,2023,Azul,276200.0,710,3.39,Reino Unido,SCF8JCPLDWB7JFDMB
Audi,R8 V10 Performance,2024,Negro,232200.0,636,3.02,Alemania,WUAWM9G4G7RS04CGY
BMW,M4 Competition (G82),2024,Azul,107800.0,527,3.84,Alemania,WBSH3UY6XURL78B7P
Ferrari,F8 Tributo,2019,Azul eléctrico,263800.0,704,2.94,Italia,ZFFH86UD2307MHJUF
McLaren,570S,2020,Azul,190700.0,574,3.36,Reino Unido,SBM91LEARD1A5HY76
McLaren,570S,2022,Rojo burdeos,173400.0,536,3.25,Reino Unido,SBMABEH60FKURVDE6
Lamborghini,Huracán EVO,2023,Gris,272300.0,626,2.97,Italia,ZHW1HDYUML1YZRVDP
Porsche,911 GT3 (992),2024,Naranja,153000.0,535,3.35,Alemania,WP0SDDLNSHFJERX1F
Lamborghini,Huracán EVO,2022,Rojo,205700.0,614,2.96,Italia,ZHWYUVU5UGNEHPGXA
Porsche,911 Turbo S (992),2024,Rojo burdeos,274900.0,659,2.73,Alemania,WP0C2RP3E5A53G5GV
Porsche,911 GT3 (992),2022,Gris,178700.0,502,3.63,Alemania,WP0KA4E53BJXUAF1C
Lamborghini,Huracán EVO,2020,Azul eléctrico,236600.0,673,2.95,Italia,ZHW7WPB9BF0LAHZ1Z
Ferrari,F8 Tributo,2020,Rojo burdeos,185900.0,713,2.94,Italia,ZFFPHWFWB7FA24R80
Aston Martin,Vantage,2023,Gris,170500.0,516,3.39,Reino Unido,SCFSWNSGTAZY82D4P
Aston Martin,Vantage,2018,Blanco,145000.0,534,3.77,Reino Unido,SCFYC1DU9V8KSF91E
BMW,M4 Competition (G82),2024,Blanco,115100.0,519,3.9,Alemania,WBSDW8T3F96JP3NWR
Nissan,GT-R Nismo,2014,Verde lima,205600.0,611,2.85,Japón,JN14NMCKZA069H31Z
McLaren,720S,2024,Gris,232500.0,703,2.82,Reino Unido,SBMMWNLJP37VYUZ2Z
Lamborghini,Huracán EVO,2024,Verde lima,244000.0,649,2.9,Italia,ZHWH99C5RHSE22K08
McLaren,720S,2019,Gris,272600.0,708,2.83,Reino Unido,SBMGD04A2GX4EWAY7
Lamborghini,Huracán EVO,2021,Verde lima,199400.0,627,2.71,Italia,ZHWGML9HFE1UXHMZK
Audi,R8 V10 Performance,2019,Rojo burdeos,193500.0,640,3.46,Alemania,WUAKG69EEFW96ZPTS
Nissan,GT-R Nismo,2024,Amarillo,191900.0,588,2.76,Japón,JN1L3USU9TX1MP7KF
Audi,R8 V10 Performance,2022,Rojo burdeos,184800.0,641,3.2,Alemania,WUADSUFJFAMALR565
Lamborghini,Huracán EVO,2019,Gris mate,191100.0,641,2.88,Italia,ZHW930XB28JPN52AK
Aston Martin,DBS Superleggera,2018,Rojo,362600.0,721,3.73,Reino Unido,SCF0CASY6HJ4J84WG
Porsche,911 Turbo S (992),2022,Rojo,268800.0,636,2.55,Alemania,WP0SMAXVNZKJSTFKL
McLaren,720S,2019,Rojo,282100.0,732,2.9,Reino Unido,SBM53796V894JMLFX
Nissan,GT-R Nismo,2023,Negro,169100.0,571,2.95,Japón,JN1DX2PASCN432GRB
Audi,R8 V10 Performance,2024,Blanco,228700.0,601,2.8,Alemania,WUAV8LULB0AGT5YM9
Ferrari,F8 Tributo,2020,Naranja,182300.0,728,2.84,Italia,ZFFT20PMPM06XZCD9
Aston Martin,DBS Superleggera,2023,Azul eléctrico,204900.0,702,3.3,Reino Unido,SCFHSCU2WJW2JM1T4
Audi,R8 V10 Performance,2023,Azul,147000.0,627,2.99,Alemania,WUALEVGK2EGSG0E2E
BMW,M4 Competition (G82),2021,Amarillo,101000.0,517,3.9,Alemania,WBSHT1ZK3YDJ7FRMB
McLaren,720S,2024,Rojo,246100.0,736,2.91,Reino Unido,SBM68GAJGTAUDAP6J
Aston Martin,Vantage,2023,Amarillo,159500.0,520,3.78,Reino Unido,SCF4970F4HB7VM7ZW
Lamborghini,Aventador S,2018,Blanco,360900.0,719,2.92,Italia,ZHWBRCG154A9MACXN
Ferrari,488 GTB,2021,Amarillo,270200.0,656,2.94,Italia,ZFFZSDACX4EYWRLPC
Ferrari,F8 Tributo,2024,Blanco,253500.0,729,2.92,Italia,ZFFMT0LW58678XYM7
Ferrari,F8 Tributo,2020,Negro,205800.0,719,2.94,Italia,ZFFUJ263K8GR9HMT4
Chevrolet,Corvette C8 Stingray,2022,Blanco,89100.0,506,3.05,EE.UU.,1G1B586P76GML7BD5
McLaren,570S,2023,Azul eléctrico,197500.0,573,3.3,Reino Unido,SBM5KK6S2KT5MH384
Lamborghini,Aventador S,2024,Blanco,396800.0,759,2.85,Italia,ZHWS6GAF5MAB61XD8
Porsche,911 Turbo S (992),2024,Azul,166100.0,661,2.68,Alemania,WP0T0HCYF3UDRCJN8
Chevrolet,Corvette C8 Z06,2023,Gris,125300.0,685,2.68,EE.UU.,1G1GY07SCG8B7F82E
McLaren,570S,2021,Naranja,143800.0,564,3.19,Reino Unido,SBMDH70D70T6MDV99
Lamborghini,Aventador S,2021,Verde lima,284600.0,749,2.82,Italia,ZHWC9DRNCFYYHU3G0
Nissan,GT-R Nismo,2014,Verde lima,192300.0,612,2.76,Japón,JN1JDT7J9JHBU0X4W
Chevrolet,Corvette C8 Stingray,2023,Gris,98200.0,491,3.08,EE.UU.,1G1HAXEV81FYREZ97
Bugatti,Chiron,2017,Negro,2051800.0,1529,2.37,Francia,VF9KS146FJGFBY091
Aston Martin,DBS Superleggera,2021,Azul,246400.0,728,3.2,Reino Unido,SCFB6KUGHCSN6RXCF
Aston Martin,DBS Superleggera,2021,Azul,290800.0,732,3.5,Reino Unido,SCFMYEU1468ET2DWT
Lamborghini,Huracán EVO,2020,Azul,177600.0,676,3.12,Italia,ZHWDP62G0T7HVD5MF
Lamborghini,Aventador S,2020,Rojo,372100.0,733,2.98,Italia,ZHWXHA0YDTM65ZEH0
Nissan,GT-R Nismo,2016,Rojo,190800.0,588,2.54,Japón,JN161HCBAE2BCDC8J
BMW,M4 Competition (G82),2022,Rojo,106200.0,491,4.02,Alemania,WBS7DPKU94AXR0AP2
Porsche,911 Turbo S (992),2021,Amarillo,275500.0,637,2.47,Alemania,WP09T6UEAHMVADVUB
BMW,M4 Competition (G82),2022,Rojo,111500.0,526,3.88,Alemania,WBSCSJRW5783E7XS8
Ferrari,F8 Tributo,2019,Azul eléctrico,262300.0,701,2.88,Italia,ZFF4F5M5GGM8B2UYD
Porsche,911 GT3 (992),2021,Azul eléctrico,171000.0,518,3.43,Alemania,WP09V4U5LWAHM1201
Ferrari,488 GTB,2024,Amarillo,258700.0,686,2.85,Italia,ZFF5CX6VP319NLR7Z
Aston Martin,Vantage,2018,Azul eléctrico,141300.0,515,3.6,Reino Unido,SCF9XJY49BJZ2LRX2
Nissan,GT-R Nismo,2017,Gris,230000.0,596,2.81,Japón,JN1NM5PH9SR7FT9HZ
McLaren,570S,2015,Blanco,188400.0,577,3.32,Reino Unido,SBMKAR22X3TDFTWN1
Porsche,911 Turbo S (992),2023,Negro,255400.0,654,2.73,Alemania,WP070GGBXYFCRC4SH
McLaren,570S,2021,Rojo burdeos,198700.0,537,3.22,Reino Unido,SBMJAKTKA1FT8PUD6
Aston Martin,Vantage,2021,Negro,153300.0,521,3.58,Reino Unido,SCFRANPJ2BSEPMBJC
Ferrari,488 GTB,2019,Gris,204600.0,671,2.93,Italia,ZFFHJZZ1E6PFZBHM8
BMW,M4 Competition (G82),2023,Gris mate,93700.0,492,3.78,Alemania,WBS3JFDDDNCGL7SE9
Lamborghini,Aventador S,2024,Azul eléctrico,394400.0,728,3.06,Italia,ZHWW73CF5CYD8SLE2
Nissan,GT-R Nismo,2023,Azul eléctrico,247000.0,615,2.65,Japón,JN1YLR6WZT00BD116
Aston Martin,DBS Superleggera,2019,Rojo burdeos,259900.0,716,3.41,Reino Unido,SCF0FRMXYGJ7T0DSP
Chevrolet,Corvette C8 Stingray,2020,Azul eléctrico,88100.0,498,3.03,EE.UU.,1G1J6JEESXM18TCAA
McLaren,720S,2018,Azul,231300.0,725,2.79,Reino Unido,SBMVHMMT45G2J8T2P
Ferrari,488 GTB,2021,Rojo,203900.0,672,2.89,Italia,ZFF678U12C3DPRS51
Chevrolet,Corvette C8 Z06,2024,Azul,159100.0,671,2.78,EE.UU.,1G16BDGMN3UZBU6YY
Nissan,GT-R Nismo,2022,Negro,202300.0,602,2.63,Japón,JN1J27FK0VCMKFX8T
Ferrari,F8 Tributo,2023,Amarillo,314500.0,728,2.94,Italia,ZFF36PV13ZP4JJB1V
Bugatti,Chiron,2022,Rojo burdeos,2522900.0,1492,2.36,Francia,VF9RJW5J9PRF9M6J1
Aston Martin,Vantage,2024,Azul,142000.0,487,3.41,Reino Unido,SCFBC6BEJ9US3T1X9
Chevrolet,Corvette C8 Z06,2024,Naranja,101500.0,659,2.6,EE.UU.,1G1DKEELPF81J0NT7
Porsche,911 GT3 (992),2024,Blanco,168800.0,526,3.53,Alemania,WP019SN9UH5RRNT4D
Ferrari,488 GTB,2017,Azul,295300.0,645,2.92,Italia,ZFFLM7GCHS9FKZH21
Porsche,911 Turbo S (992),2020,Gris mate,233300.0,666,2.62,Alemania,WP0ZUSR437RZC45CM
Ferrari,488 GTB,2019,Amarillo,191200.0,675,3.01,Italia,ZFFJ4L3WTBCVT93PE
Bugatti,Chiron,2023,Verde lima,3250000.0,1496,2.37,Francia,VF9JSA3V8ST88N15Y
Audi,R8 V10 Performance,2023,Amarillo,250400.0,650,2.97,Alemania,WUAG1SG4CCCWE58LN
Porsche,911 Turbo S (992),2023,Amarillo,299000.0,648,2.78,Alemania,WP0W5W0DA65A0R7EU
McLaren,570S,2023,Rojo burdeos,176800.0,589,2.9,Reino Unido,SBMNR7CDV4JKG3AL3
Porsche,911 GT3 (992),2021,Amarillo,172100.0,525,3.47,Alemania,WP0UHJ3FVDG6SX69W
Audi,R8 V10 Performance,2020,Gris mate,212100.0,615,3.04,Alemania,WUA5YB6CGTAMYVEUE
McLaren,570S,2017,Azul eléctrico,151300.0,572,3.37,Reino Unido,SBMLT1MEV1YUS7WX3
Chevrolet,Corvette C8 Z06,2023,Rojo,160600.0,681,2.59,EE.UU.,1G1P0R95ABENLA5SP
Ferrari,488 GTB,2022,Amarillo,195900.0,659,3.03,Italia,ZFFGS94B48LSW2HFU
Aston Martin,Vantage,2018,Blanco,172000.0,516,3.36,Reino Unido,SCF2EUGZJ8KMZ45JN
BMW,M4 Competition (G82),2021,Gris mate,87300.0,508,3.8,Alemania,WBSV5NBFSVRXCB1VH
Chevrolet,Corvette C8 Z06,2024,Verde lima,167200.0,677,2.4,EE.UU.,1G1YR9UZY98LCY2L0
Chevrolet,Corvette C8 Z06,2023,Blanco,115000.0,678,2.59,EE.UU.,1G13H1PRRMW217AHB
Aston Martin,DBS Superleggera,2021,Rojo burdeos,301000.0,732,3.32,Reino Unido,SCFSC8NJBF8HSEC6M
Chevrolet,Corvette C8 Z06,2024,Naranja,147300.0,687,2.73,EE.UU.,1G1MXBMRAASEEMP6E
Lamborghini,Aventador S,2024,Azul eléctrico,264100.0,726,2.86,Italia,ZHWGRL1LYJGE0CK7Z
Lamborghini,Huracán EVO,2022,Rojo burdeos,222400.0,668,2.95,Italia,ZHWXA3CMFH25PDSK5
Aston Martin,DBS Superleggera,2019,Naranja,293200.0,723,3.46,Reino Unido,SCFPDTX6FUVL21H96
Aston Martin,Vantage,2018,Blanco,146900.0,501,3.8,Reino Unido,SCFBWR7X38X0HP8FZ
Chevrolet,Corvette C8 Stingray,2023,Gris,105800.0,469,3.15,EE.UU.,1G13LZTVVHKA8YMZM
Bugatti,Chiron,2022,Blanco,2412300.0,1492,2.29,Francia,VF9LJBZ8K75UM1802
Ferrari,F8 Tributo,2020,Amarillo,226800.0,727,2.99,Italia,ZFFF87LL4D0LMX2DU
Porsche,911 Turbo S (992),2022,Azul eléctrico,204300.0,635,2.66,Alemania,WP0RRY9YEUVVJT908
Chevrolet,Corvette C8 Stingray,2022,Azul,81300.0,520,2.71,EE.UU.,1G14DB68C48C90K53
Chevrolet,Corvette C8 Z06,2023,Gris,98000.0,638,2.68,EE.UU.,1G1GYADWN1AXS5WBB
Chevrolet,Corvette C8 Stingray,2022,Verde lima,89700.0,482,3.01,EE.UU.,1G18R92L95ZWRF6S3
Porsche,911 Turbo S (992),2023,Naranja,161000.0,636,2.64,Alemania,WP04WDCVDB1LBB9DT
Porsche,911 Turbo S (992),2024,Amarillo,245400.0,673,2.65,Alemania,WP0KF9FALPFDLKHT7
Audi,R8 V10 Performance,2024,Verde lima,175300.0,599,3.08,Alemania,WUAEASJF1MGGY7BVV
Ferrari,488 GTB,2018,Gris mate,251000.0,674,3.07,Italia,ZFFWY7DYL8F89168P
Chevrolet,Corvette C8 Z06,2023,Azul eléctrico,106500.0,672,2.67,EE.UU.,1G1CB22GYWZZVNDPZ
Chevrolet,Corvette C8 Stingray,2020,Azul,86200.0,504,3.16,EE.UU.,1G11HKFR5L7W4NAD5
Ferrari,488 GTB,2017,Rojo burdeos,189200.0,673,3.03,Italia,ZFFN15KCXHZC3C0TX
Lamborghini,Huracán EVO,2020,Gris,299000.0,645,3.06,Italia,ZHW3997DA7WTW8375
Lamborghini,Aventador S,2019,Naranja,384700.0,762,2.99,Italia,ZHW272V8MVFCD2JCU
Chevrolet,Corvette C8 Z06,2024,Azul eléctrico,127600.0,660,2.83,EE.UU.,1G169JB65J1S8M0L8
Porsche,911 GT3 (992),2021,Rojo burdeos,174300.0,496,3.3,Alemania,WP0CPNR40DN8Y16EW
Lamborghini,Aventador S,2022,Gris,410900.0,746,2.96,Italia,ZHWK8D1G4919X3U7P
Porsche,911 Turbo S (992),2022,Rojo,235700.0,642,2.55,Alemania,WP0A3V5UU1TE88J6M
Aston Martin,DBS Superleggera,2023,Rojo,309900.0,723,3.64,Reino Unido,SCFEJ2F371PSYVPUK
Lamborghini,Huracán EVO,2021,Blanco,263400.0,620,2.79,Italia,ZHWJUBFGX68GWU072
Ferrari,F8 Tributo,2019,Gris,249100.0,723,2.69,Italia,ZFFE6VSH5YAU206PV
Lamborghini,Aventador S,2018,Blanco,360500.0,740,2.92,Italia,ZHW3W5CZ2TV6F3WEM
Lamborghini,Huracán EVO,2021,Verde lima,208500.0,667,2.86,Italia,ZHWKCSB7C11UBNNVU
Nissan,GT-R Nismo,2017,Amarillo,171000.0,639,2.68,Japón,JN10MCCSAVGUSU95N
Lamborghini,Huracán EVO,2019,Rojo,217800.0,612,2.87,Italia,ZHWHSTU6KM1473VYW
Lamborghini,Aventador S,2021,Rojo burdeos,342500.0,724,2.93,Italia,ZHWF4H0LF4LB2GZ2K
Audi,R8 V10 Performance,2024,Azul,147000.0,634,3.05,Alemania,WUA4CWV7TRJ6TR69D
Audi,R8 V10 Performance,2022,Rojo burdeos,219700.0,592,3.09,Alemania,WUAHFEBLUBDZJ7V04
Bugatti,Chiron,2016,Azul,3049500.0,1508,2.51,Francia,VF9W3ZWA65T3A1G65
McLaren,570S,2024,Rojo burdeos,222400.0,568,3.07,Reino Unido,SBMZZV975V1ZJZ14S
Bugatti,Chiron,2021,Azul eléctrico,2520200.0,1497,2.46,Francia,VF9ZEVZPV0B31G2TX
Aston Martin,DBS Superleggera,2024,Naranja,283100.0,709,3.35,Reino Unido,SCFCR5KS55AZYHAUZ
Porsche,911 GT3 (992),2024,Gris mate,133000.0,486,3.45,Alemania,WP03H2NE7G5U7NU2Y
McLaren,570S,2023,Azul eléctrico,210900.0,543,3.24,Reino Unido,SBMEMRN6WSBJ2TJRR
McLaren,570S,2023,Negro,169800.0,563,2.92,Reino Unido,SBM94V09M6R9ANFTH
Porsche,911 GT3 (992),2022,Negro,190200.0,515,3.71,Alemania,WP0SZE2U8GSX9V4U1
Lamborghini,Huracán EVO,2024,Azul,246900.0,645,2.92,Italia,ZHWNADT6EDXT0MBF2
Bugatti,Chiron,2022,Blanco,2904400.0,1500,2.34,Francia,VF91APHKY9G76UL2C
Aston Martin,Vantage,2021,Verde lima,119900.0,506,3.81,Reino Unido,SCF48G20SW96H5VHT
Lamborghini,Aventador S,2019,Gris,252300.0,755,2.95,Italia,ZHWRGUFSVKZRK5LMG
Aston Martin,DBS Superleggera,2022,Gris mate,296100.0,727,3.36,Reino Unido,SCFB3XPFR2N74X5U3
McLaren,570S,2023,Gris,159200.0,576,3.27,Reino Unido,SBMDTLFT86ZGLP3RY
Ferrari,488 GTB,2017,Negro,222300.0,689,3.05,Italia,ZFFGB3JRRHUUYT3LU
Bugatti,Chiron,2020,Blanco,3090800.0,1490,2.52,Francia,VF9UPYVM1VKLECZ1U
Porsche,911 GT3 (992),2024,Naranja,188500.0,511,3.61,Alemania,WP0BTMJ36SMNE30UA
Porsche,911 Turbo S (992),2021,Verde lima,243400.0,665,2.75,Alemania,WP0UXXKS8L4R165BH
Lamborghini,Aventador S,2021,Azul eléctrico,407600.0,768,3.04,Italia,ZHWR3006XSXY8C5BN
BMW,M4 Competition (G82),2023,Verde lima,86500.0,488,4.13,Alemania,WBS8TGAU497A3DGEX
Aston Martin,DBS Superleggera,2024,Azul eléctrico,244800.0,727,3.51,Reino Unido,SCF3WNAPGZBK87EZL
Bugatti,Chiron,2020,Rojo,2977700.0,1492,2.27,Francia,VF92UGKPJWM9C478C
Porsche,911 GT3 (992),2024,Gris mate,182200.0,550,3.26,Alemania,WP05VVSDFJAYA1CRA
Lamborghini,Huracán EVO,2019,Gris mate,210700.0,658,2.99,Italia,ZHW34RF2GMC2RELZ9
Bugatti,Chiron,2016,Rojo,2946100.0,1492,2.34,Francia,VF96Z4SVXZJZ4UNBH
Bugatti,Chiron,2021,Negro,3058200.0,1475,2.4,Francia,VF9GU3DP4XDV60LF7
Porsche,911 GT3 (992),2024,Rojo burdeos,168200.0,473,3.33,Alemania,WP0UZ93KLX8X6HV8G
Chevrolet,Corvette C8 Z06,2024,Negro,178100.0,669,2.72,EE.UU.,1G1BH8DEVAFF697Y1
Chevrolet,Corvette C8 Z06,2023,Azul eléctrico,150600.0,678,2.67,EE.UU.,1G1Z3DA97270BEB01
Lamborghini,Huracán EVO,2022,Gris,198200.0,633,2.86,Italia,ZHW721ZXR705JCPR5
Aston Martin,Vantage,2020,Gris mate,175900.0,532,3.67,Reino Unido,SCFF5Z3XHT8CLKTL6
Ferrari,F8 Tributo,2019,Verde lima,261500.0,713,3.1,Italia,ZFFSB0PHMRV4M12UU
Chevrolet,Corvette C8 Z06,2024,Negro,170200.0,664,2.72,EE.UU.,1G155EJ0VL6SHX20P
McLaren,720S,2021,Azul eléctrico,281000.0,722,2.76,Reino Unido,SBM9RSARW0EU7XY4P
Ferrari,488 GTB,2016,Rojo burdeos,256700.0,656,3.12,Italia,ZFFWR1F8158UNWBR0
Aston Martin,Vantage,2018,Rojo burdeos,155800.0,525,3.75,Reino Unido,SCFP84WPMZL7WYWJ5
Porsche,911 GT3 (992),2022,Negro,194500.0,495,3.41,Alemania,WP05S8UHBA9XMZ4V3
Bugatti,Chiron,2018,Amarillo,2147700.0,1505,2.38,Francia,VF9NJPY2LUZ8098PY
Ferrari,488 GTB,2021,Azul,238700.0,669,2.98,Italia,ZFFMTH3WAD8HXBZAL
Bugatti,Chiron,2024,Gris mate,2505100.0,1495,2.45,Francia,VF9BAGVF58T4RP0X4
Ferrari,F8 Tributo,2019,Amarillo,218900.0,728,2.62,Italia,ZFF7P0BW65LBU52PE
BMW,M4 Competition (G82),2022,Rojo,106400.0,491,4.05,Alemania,WBS2W4UL00XG5ZKLJ
McLaren,570S,2024,Azul eléctrico,160800.0,573,3.14,Reino Unido,SBMDTN8GHX7T5Z9XC
Aston Martin,Vantage,2024,Amarillo,150800.0,503,3.62,Reino Unido,SCF2GM29NSEB4WJDP
BMW,M4 Competition (G82),2022,Gris,106100.0,509,4.1,Alemania,WBS3SHU2UVCEGKZCK
Porsche,911 Turbo S (992),2022,Gris,252600.0,638,2.66,Alemania,WP083MM3VVH3SPVMN
Lamborghini,Huracán EVO,2019,Rojo burdeos,236000.0,630,2.99,Italia,ZHW2ML62YK16E656W
Chevrolet,Corvette C8 Z06,2023,Naranja,174500.0,679,2.99,EE.UU.,1G1MJVR3BA1SPELH5
Porsche,911 Turbo S (992),2022,Rojo burdeos,219100.0,682,2.7,Alemania,WP0N30AT35L7MDBNG
BMW,M4 Competition (G82),2021,Verde lima,84500.0,502,3.79,Alemania,WBSJ2Y6VC8W3NP1E4
Ferrari,F8 Tributo,2021,Rojo,312500.0,735,2.91,Italia,ZFFD70HN82DU2ZJ44
Aston Martin,Vantage,2019,Gris mate,122300.0,504,3.42,Reino Unido,SCFMBNNFPM92PR423
Nissan,GT-R Nismo,2020,Rojo burdeos,153800.0,619,2.76,Japón,JN1U34RVXG2FXZH8D
McLaren,720S,2022,Azul,246200.0,710,2.81,Reino Unido,SBM10SYWRAML0DAN0
Lamborghini,Huracán EVO,2022,Naranja,223000.0,596,2.91,Italia,ZHWJ6WGB3B9EEKM64
Ferrari,488 GTB,2015,Gris mate,230900.0,677,3.0,Italia,ZFFT2NF0TZGF0975R
Chevrolet,Corvette C8 Z06,2024,Verde lima,138200.0,645,2.77,EE.UU.,1G1MVLB5AUKAS2EFT
Porsche,911 Turbo S (992),2021,Verde lima,161400.0,649,2.77,Alemania,WP0PNB4GWW180V75N
Porsche,911 Turbo S (992),2021,Amarillo,252300.0,654,2.9,Alemania,WP0A4N7Y0P6U67ZUD
Chevrolet,Corvette C8 Stingray,2024,Blanco,104800.0,495,2.92,EE.UU.,1G1WXA6R23MFXD4R9
Audi,R8 V10 Performance,2021,Rojo,196900.0,642,2.97,Alemania,WUA6Z8AXA03BDJ8E8
Porsche,911 GT3 (992),2023,Verde lima,194500.0,548,3.45,Alemania,WP0HD874TPC08082D
Ferrari,F8 Tributo,2020,Verde lima,305100.0,716,3.09,Italia,ZFFYN86FPC28Z5TM3
Nissan,GT-R Nismo,2024,Rojo,208900.0,624,2.8,Japón,JN1NEVWWNS6E841A5
Nissan,GT-R Nismo,2018,Gris,201100.0,589,2.6,Japón,JN12AD71GFH4RSA95
McLaren,720S,2017,Azul eléctrico,244800.0,719,3.02,Reino Unido,SBM3PSPTSW2RES95Z
Chevrolet,Corvette C8 Z06,2024,Negro,108200.0,667,2.73,EE.UU.,1G12VUSCKCETN0KRA
BMW,M4 Competition (G82),2024,Naranja,127000.0,497,3.99,Alemania,WBSU75J9GDT8MLH96
Ferrari,F8 Tributo,2023,Amarillo,338000.0,703,2.87,Italia,ZFFT9FK5RGECMF8JW
Porsche,911 Turbo S (992),2022,Azul eléctrico,197100.0,647,2.84,Alemania,WP0FEFGC2F45PYS1P
Bugatti,Chiron,2020,Verde lima,2383700.0,1488,2.5,Francia,VF9MWSHMCPFUPXHSR
Chevrolet,Corvette C8 Z06,2023,Negro,138200.0,637,2.74,EE.UU.,1G185BMJP10MKZ5MB
Chevrolet,Corvette C8 Z06,2024,Negro,165600.0,659,2.64,EE.UU.,1G1VB7F0WH8FP7HBR
Lamborghini,Aventador S,2021,Gris mate,332400.0,733,2.99,Italia,ZHWCFAT7KLKD3VTEW
McLaren,570S,2016,Verde lima,195800.0,596,3.36,Reino Unido,SBMNA975PV5HLADPH
Porsche,911 Turbo S (992),2023,Negro,260700.0,648,2.46,Alemania,WP0HY37YCA1TM9EVW
BMW,M4 Competition (G82),2022,Verde lima,93600.0,521,3.99,Alemania,WBS07H32N9V41PL22
Ferrari,488 GTB,2017,Naranja,220200.0,656,3.12,Italia,ZFF4KBLWC7U1KE7DS
Lamborghini,Huracán EVO,2022,Rojo burdeos,247100.0,631,2.9,Italia,ZHWNN9SB1BYFN8PND
McLaren,570S,2022,Azul,203100.0,572,3.24,Reino Unido,SBMCB0JPXENE8EUU5
Chevrolet,Corvette C8 Stingray,2023,Rojo,93600.0,512,2.98,EE.UU.,1G1ZBRY7ZACR260Y7
Porsche,911 GT3 (992),2022,Azul eléctrico,206100.0,513,3.31,Alemania,WP0B5YUGGSXCLVG89
McLaren,720S,2019,Naranja,338000.0,758,2.86,Reino Unido,SBMZ16JG9N9BBNS3R
Porsche,911 Turbo S (992),2022,Azul,186800.0,645,2.77,Alemania,WP0P3RFXF473HSYH6
McLaren,570S,2019,Amarillo,194800.0,592,3.21,Reino Unido,SBML904ERBS3ZJSEX
Chevrolet,Corvette C8 Stingray,2022,Verde lima,97700.0,514,2.92,EE.UU.,1G12PLG4B4P5UH44M
Aston Martin,DBS Superleggera,2023,Gris,296800.0,723,3.41,Reino Unido,SCFDLVYNB3X081GAU
Porsche,911 Turbo S (992),2023,Amarillo,218500.0,647,2.68,Alemania,WP0859K4CFUSWWS2X
McLaren,720S,2019,Naranja,282200.0,734,2.96,Reino Unido,SBMVR1WMXTNFDKC75
Chevrolet,Corvette C8 Z06,2024,Naranja,151900.0,663,2.66,EE.UU.,1G1E792A74N1NYRHJ
BMW,M4 Competition (G82),2022,Gris,104800.0,514,3.81,Alemania,WBSWSKKUYSKVVK5TC
Chevrolet,Corvette C8 Z06,2023,Negro,125900.0,670,2.8,EE.UU.,1G1M21TFNLEXC2RHU
Porsche,911 Turbo S (992),2022,Naranja,267800.0,666,2.67,Alemania,WP0RELD3PW0BPN7AA
BMW,M4 Competition (G82),2023,Azul,105300.0,524,3.83,Alemania,WBS5LJMSNJTUFKMGJ
McLaren,570S,2024,Amarillo,244500.0,566,3.29,Reino Unido,SBMSFFGHVJEHTG1A9
McLaren,570S,2021,Naranja,197500.0,584,3.3,Reino Unido,SBMXDH6FA60V83B7X
Ferrari,F8 Tributo,2021,Gris mate,281500.0,707,2.91,Italia,ZFFTPMX882F02KHUK
Chevrolet,Corvette C8 Z06,2023,Rojo burdeos,134900.0,659,2.76,EE.UU.,1G1319N687DWMSNSC
Aston Martin,DBS Superleggera,2022,Gris,337700.0,707,3.32,Reino Unido,SCF5D4GPKCGLSRE54
McLaren,570S,2015,Azul,175600.0,537,3.34,Reino Unido,SBMJBCTA82FCKWJBG
Nissan,GT-R Nismo,2023,Gris,176700.0,602,2.86,Japón,JN1ZS12L9HR395YVJ
Lamborghini,Huracán EVO,2019,Negro,234800.0,661,2.82,Italia,ZHWDL39EP3AAHUSMB
BMW,M4 Competition (G82),2022,Azul,100600.0,510,3.71,Alemania,WBS89E0818MS6DD0E
Ferrari,488 GTB,2022,Verde lima,267000.0,645,3.02,Italia,ZFF47UWP0VU9XNLF3
Porsche,911 Turbo S (992),2021,Azul,299000.0,647,2.81,Alemania,WP0GYAF1DH828JW41
Lamborghini,Huracán EVO,2020,Gris mate,235800.0,652,2.83,Italia,ZHW8J3P3VTGW6XYLG
Nissan,GT-R Nismo,2018,Rojo,144200.0,621,2.93,Japón,JN1RPEV9X9MZ4B9L2
Aston Martin,DBS Superleggera,2020,Negro,326700.0,707,3.25,Reino Unido,SCFZ9FYFCV4B68553
Lamborghini,Aventador S,2023,Rojo burdeos,428300.0,702,2.84,Italia,ZHW34W3YJ2E9N6GNB
Aston Martin,DBS Superleggera,2018,Verde lima,196000.0,731,3.38,Reino Unido,SCF6BB9YRGFEWBA1P
Aston Martin,Vantage,2023,Negro,176200.0,514,3.65,Reino Unido,SCFRCC0CCJJKV1KZY
Aston Martin,DBS Superleggera,2024,Naranja,283500.0,745,3.53,Reino Unido,SCF0PRZN4LCVYGBSU
McLaren,720S,2021,Naranja,257700.0,736,3.11,Reino Unido,SBMVYXLAAN91T5SN5
Porsche,911 GT3 (992),2023,Rojo burdeos,175800.0,495,3.42,Alemania,WP0A9J74LTD29LLSE
Nissan,GT-R Nismo,2016,Rojo burdeos,205700.0,601,2.98,Japón,JN1JB2UR4MGZ1M6CD
Lamborghini,Aventador S,2017,Rojo,414300.0,720,2.93,Italia,ZHWHEA45B96B4PJZ7
Chevrolet,Corvette C8 Stingray,2023,Negro,73900.0,466,2.94,EE.UU.,1G1067LG3RKK802RB
Audi,R8 V10 Performance,2020,Blanco,223600.0,615,2.96,Alemania,WUALRSJSK7U8DJB79
Nissan,GT-R Nismo,2015,Rojo,191800.0,603,2.73,Japón,JN1JAGD7JYZ75XV9T
Bugatti,Chiron,2018,Azul eléctrico,2290800.0,1503,2.27,Francia,VF9C713EUUT1A030N
McLaren,720S,2018,Rojo,273600.0,720,2.75,Reino Unido,SBML2LBHFF0NATA33
BMW,M4 Competition (G82),2022,Verde lima,113900.0,524,3.75,Alemania,WBSUFEBDZRDDXT5ZM
Lamborghini,Aventador S,2023,Naranja,424700.0,769,2.69,Italia,ZHWSW6FUK604C9ZAC
McLaren,570S,2023,Azul eléctrico,174000.0,557,3.19,Reino Unido,SBMENBW4XL1SXYR62
Nissan,GT-R Nismo,2024,Azul eléctrico,197900.0,601,2.61,Japón,JN16HF48WVT7WZ7NT
McLaren,570S,2022,Naranja,183900.0,562,3.1,Reino Unido,SBM19SRPSRAN68LVD
Aston Martin,Vantage,2020,Azul,171100.0,495,3.49,Reino Unido,SCFHU0VK81VHX9TUK
Lamborghini,Huracán EVO,2022,Verde lima,185100.0,634,2.91,Italia,ZHW10WKYGNJSH4ZCZ
Aston Martin,Vantage,2023,Blanco,153600.0,523,3.69,Reino Unido,SCFDS6RJ1GJL0AZS0
Aston Martin,DBS Superleggera,2018,Naranja,275400.0,741,3.46,Reino Unido,SCFS8W2SSJ31BHGN6
McLaren,570S,2015,Blanco,173400.0,601,3.2,Reino Unido,SBMXKFXG6NTF09VP0
Ferrari,F8 Tributo,2021,Gris,260000.0,716,2.94,Italia,ZFFS6ND1NRJ6GCVJU
BMW,M4 Competition (G82),2021,Gris mate,76200.0,494,3.84,Alemania,WBS7XAT217DUP73EH
Aston Martin,Vantage,2019,Rojo burdeos,208000.0,513,3.5,Reino Unido,SCF2SXHMUSPAK2R98
Lamborghini,Aventador S,2019,Blanco,262800.0,734,3.0,Italia,ZHWUBBB70MFDJV1GY
Aston Martin,Vantage,2022,Negro,162900.0,493,3.48,Reino Unido,SCFLPEULA6EEL0Y58
Aston Martin,Vantage,2024,Rojo burdeos,190000.0,503,3.7,Reino Unido,SCF30FS8B54XF9WYA
Nissan,GT-R Nismo,2022,Azul,155000.0,614,2.82,Japón,JN1NLLLABKAN8L6S7
Aston Martin,DBS Superleggera,2018,Azul eléctrico,266600.0,704,3.41,Reino Unido,SCF3PK5GVWKHXEPDN
Porsche,911 GT3 (992),2023,Amarillo,245400.0,512,3.33,Alemania,WP0W7NKWCGJD2MEYZ
Ferrari,488 GTB,2016,Azul,243000.0,671,3.06,Italia,ZFFFBU2ZXZB4NBXXC
Ferrari,488 GTB,2017,Blanco,284700.0,676,2.97,Italia,ZFF4LB7VKTLDLEXZ3
Lamborghini,Aventador S,2020,Negro,300600.0,710,2.88,Italia,ZHWHRY5XVRAS4KEDS
Porsche,911 GT3 (992),2024,Gris mate,170500.0,528,3.27,Alemania,WP0UGM31273MXE1EM
Porsche,911 Turbo S (992),2022,Negro,187800.0,655,2.73,Alemania,WP0AJRHZKWPVAPYMN
Porsche,911 GT3 (992),2021,Naranja,174200.0,498,3.59,Alemania,WP094VW48KCV5W0MK
Bugatti,Chiron,2019,Gris,2665600.0,1524,2.3,Francia,VF9YAS65BD1DZMU75
McLaren,570S,2023,Amarillo,137100.0,544,2.93,Reino Unido,SBMHM01A6VW3PL9UU
McLaren,720S,2022,Azul eléctrico,322000.0,725,3.11,Reino Unido,SBM1W0LC8S177F50F
Porsche,911 GT3 (992),2023,Naranja,133000.0,525,3.61,Alemania,WP0LN7FU23L6Z72JL
Ferrari,F8 Tributo,2019,Blanco,254200.0,729,2.83,Italia,ZFFYDRS8V5DNZSFDN
McLaren,570S,2015,Gris mate,180400.0,560,3.21,Reino Unido,SBMMLU5PJVF5MRRFY
Porsche,911 Turbo S (992),2021,Gris,255200.0,633,2.87,Alemania,WP028ZFXYBW1ATRT0
Aston Martin,DBS Superleggera,2022,Amarillo,262000.0,735,3.49,Reino Unido,SCFRGG4T426WLDMKT
Bugatti,Chiron,2024,Azul eléctrico,2672200.0,1514,2.43,Francia,VF908YD0G9YTDU8Z6
Bugatti,Chiron,2023,Amarillo,2080400.0,1507,2.28,Francia,VF9ELD1T2TYSG0BBZ
Bugatti,Chiron,2021,Amarillo,2572700.0,1517,2.35,Francia,VF9FMW8Y7WHC1U76R
Bugatti,Chiron,2016,Azul,1869500.0,1470,2.43,Francia,VF9KDZ4ZYDXVNZEED
Chevrolet,Corvette C8 Z06,2023,Rojo,155900.0,666,2.83,EE.UU.,1G107NCZT1B8S8NGA
Ferrari,F8 Tributo,2020,Azul,253300.0,721,2.94,Italia,ZFF52NVW80HH413YH
Lamborghini,Aventador S,2018,Rojo,286900.0,732,2.87,Italia,ZHWXK699HW1X9RGTD
Porsche,911 Turbo S (992),2023,Negro,242500.0,669,2.72,Alemania,WP09BJ0GDBT6632CK
Chevrolet,Corvette C8 Z06,2023,Naranja,135000.0,663,2.69,EE.UU.,1G1SVA3922MFST84P
McLaren,720S,2017,Rojo,286400.0,723,2.77,Reino Unido,SBMMWXL136YF8M01W
